species,latitude,longitude,presence,wc2,wc2.1,wc2.2,wc2.3,wc2.4,wc2.5,wc2.6,wc2.7,wc2.8,wc2.9,wc2.10,wc2.11,wc2.12,wc2.13,wc2.14,wc2.15,wc2.16,wc2.17,wc2.18,wc2.19
Pavo cristatus,-35.335952,149.136977,1,13.00416660308838,19.399999618530277,6.400000095367432,705.0,75.0,43.0,16.197092056274414,210.0,147.0,180.0,154.0,12.858333587646484,47.273284912109375,524.6187133789062,27.0,-0.2000000029802322,27.200000762939453,12.600000381469728,7.366666793823242,624.0
Pavo cristatus,12.929985,77.465327,1,24.399999618530277,27.46666717529297,21.78333282470703,808.0,169.0,1.0,87.39891052246094,448.0,8.0,135.0,64.0,10.783332824707031,56.1631965637207,217.5169677734375,34.599998474121094,15.399999618530272,19.19999885559082,23.91666603088379,24.200000762939453,801.0
Pavo cristatus,25.88666,-80.174941,1,24.38333320617676,28.03333282470703,20.26666641235352,1512.0,240.0,52.0,51.34657287597656,586.0,174.0,552.0,174.0,7.783333301544189,47.17171478271485,321.00927734375,32.0,15.5,16.5,27.91666603088379,20.26666641235352,10.0
Pavo cristatus,25.88666,-80.174941,1,24.38333320617676,28.03333282470703,20.26666641235352,1512.0,240.0,52.0,51.34657287597656,586.0,174.0,552.0,174.0,7.783333301544189,47.17171478271485,321.00927734375,32.0,15.5,16.5,27.91666603088379,20.26666641235352,10.0
Pavo cristatus,25.88666,-80.174941,1,24.38333320617676,28.03333282470703,20.26666641235352,1512.0,240.0,52.0,51.34657287597656,586.0,174.0,552.0,174.0,7.783333301544189,47.17171478271485,321.00927734375,32.0,15.5,16.5,27.91666603088379,20.26666641235352,10.0
Pavo cristatus,28.068389,-82.568717,1,22.40416717529297,27.700000762939453,16.299999237060547,1293.0,204.0,49.0,49.98862457275391,553.0,193.0,543.0,225.0,10.641666412353516,46.87958908081055,470.40338134765625,32.599998474121094,9.899999618530272,22.69999885559082,27.63333320617676,20.21666717529297,19.0
Pavo cristatus,34.139925,-118.104844,1,18.27916717529297,23.96666717529297,13.333333015441896,474.0,110.0,1.0,103.05768585205078,307.0,8.0,14.0,270.0,14.55833339691162,54.73057556152344,433.80169677734375,32.400001525878906,5.800000190734863,26.60000228881836,13.949999809265137,23.399999618530277,215.0
Pavo cristatus,34.154842,-118.01748,1,18.370834350585938,24.100000381469727,13.383333206176758,440.0,99.0,1.0,101.7471694946289,281.0,6.0,12.0,247.0,14.391666412353516,54.10400772094727,437.0638732910156,32.400001525878906,5.800000190734863,26.60000228881836,14.0,23.53333282470703,191.0
Pavo cristatus,-39.937857,176.543631,1,12.762499809265137,17.416667938232422,8.033332824707031,982.0,117.0,60.0,20.499454498291016,309.0,212.0,212.0,309.0,10.725000381469728,50.589622497558594,381.6419372558594,24.100000381469727,2.900000095367432,21.200000762939453,8.033332824707031,16.25,173.0
Pavo cristatus,9.112511,77.463453,1,28.450000762939453,30.049999237060547,26.200000762939453,969.0,201.0,27.0,72.7487564086914,503.0,119.0,199.0,346.0,9.716667175292969,67.94872283935547,156.91629028320312,35.5,21.200000762939453,14.299999237060549,26.850000381469727,29.21666717529297,163.0
Pavo cristatus,9.112511,77.463453,1,28.450000762939453,30.049999237060547,26.200000762939453,969.0,201.0,27.0,72.7487564086914,503.0,119.0,199.0,346.0,9.716667175292969,67.94872283935547,156.91629028320312,35.5,21.200000762939453,14.299999237060549,26.850000381469727,29.21666717529297,163.0
Pavo cristatus,34.573063,-112.676155,1,13.300000190734863,22.21666717529297,5.133333206176758,440.0,73.0,8.0,49.69811248779297,177.0,39.0,142.0,116.0,17.71666717529297,49.07664108276367,705.4656372070312,32.79999923706055,-3.299999952316284,36.09999847412109,22.13333320617676,15.5,1421.0
Pavo cristatus,6.861445,81.045686,1,21.50833320617676,22.450000762939453,20.233333587646484,1851.0,305.0,27.0,58.40280532836914,816.0,144.0,193.0,545.0,7.816667079925537,71.06060028076172,91.47364044189452,26.700000762939453,15.699999809265137,11.000000953674316,20.899999618530277,22.28333282470703,1075.0
Pavo cristatus,29.451889,-98.53307,1,20.76666641235352,28.61666679382324,12.083333015441896,782.0,111.0,41.0,35.413665771484375,271.0,128.0,207.0,131.0,12.25,40.16393661499024,672.1212158203125,35.099998474121094,4.599999904632568,30.499998092651367,24.349998474121094,13.81666660308838,214.0
Pavo cristatus,28.633571,-81.547507,1,21.64583396911621,27.100000381469727,15.5,1242.0,180.0,54.0,50.124977111816406,533.0,171.0,533.0,196.0,11.175000190734863,47.15189743041992,477.6146240234375,32.70000076293945,9.0,23.700000762939453,27.100000381469727,16.649999618530273,33.0
Pavo cristatus,25.887457,-80.174369,1,24.38333320617676,28.03333282470703,20.26666641235352,1512.0,240.0,52.0,51.34657287597656,586.0,174.0,552.0,174.0,7.783333301544189,47.17171478271485,321.00927734375,32.0,15.5,16.5,27.91666603088379,20.26666641235352,10.0
Pavo cristatus,27.788383,-82.753593,1,22.77083396911621,27.96666717529297,16.78333282470703,1271.0,217.0,40.0,55.62806701660156,573.0,184.0,549.0,209.0,8.541666984558105,41.66666412353516,461.9054565429688,32.20000076293945,11.699999809265137,20.5,27.933334350585938,18.049999237060547,5.0
Pavo cristatus,13.130369,77.549045,1,23.712499618530277,26.850000381469727,20.96666717529297,796.0,164.0,1.0,87.11848449707031,441.0,7.0,125.0,65.0,10.741666793823242,55.08547592163086,226.0945587158203,34.099998474121094,14.600000381469728,19.499998092651367,23.25,23.38333320617676,920.0
Pavo cristatus,6.295203,81.433288,1,27.36666679382324,28.26666641235352,26.233333587646484,943.0,201.0,12.0,74.72422790527344,480.0,45.0,91.0,355.0,6.466666221618652,74.3294906616211,84.59349822998047,31.5,22.799999237060547,8.700000762939453,26.299999237060547,28.11666679382324,16.0
Pavo cristatus,12.377452,76.661947,1,24.670833587646484,27.399999618530277,22.78333282470703,703.0,158.0,2.0,86.54927825927734,320.0,16.0,205.0,64.0,10.375,59.62644577026367,181.4519195556641,34.099998474121094,16.700000762939453,17.39999771118164,24.06666755676269,25.0,707.0
Pavo cristatus,24.357231,70.755503,1,27.262500762939453,32.38333511352539,20.483333587646484,363.0,146.0,1.0,160.59307861328125,321.0,5.0,25.0,5.0,14.458333969116213,47.09554672241211,479.33251953125,40.900001525878906,10.199999809265137,30.700000762939453,29.549999237060547,22.58333396911621,77.0
Pavo cristatus,11.736672,77.984635,1,27.94583320617676,30.63333320617676,25.13333320617676,888.0,190.0,8.0,74.4238510131836,429.0,30.0,161.0,142.0,11.274999618530272,61.61201858520508,213.8973846435547,37.400001525878906,19.100000381469727,18.30000114440918,27.66666603088379,27.549999237060547,276.0
Pavo cristatus,6.732051,81.281383,1,26.870832443237305,27.76666641235352,25.600000381469727,1419.0,268.0,6.0,73.4386215209961,693.0,57.0,102.0,517.0,7.291666507720947,75.17182922363281,92.18209838867188,31.399999618530277,21.700000762939453,9.69999885559082,26.183332443237305,27.71666717529297,141.0
Pavo cristatus,41.64471,-4.729409,1,12.595833778381348,20.86666679382324,5.200000286102295,433.0,51.0,17.0,32.875526428222656,142.0,64.0,72.0,125.0,11.77500057220459,39.38127136230469,644.372314453125,30.100000381469727,0.2000000029802322,29.899999618530277,5.766666889190674,20.78333282470703,701.0
Pavo cristatus,28.002102,-82.343427,1,22.45833396911621,27.700000762939453,16.41666603088379,1281.0,204.0,47.0,53.1786994934082,561.0,177.0,561.0,214.0,11.199999809265137,48.48484420776367,465.6609802246094,32.900001525878906,9.800000190734863,23.10000228881836,27.700000762939453,20.26666641235352,15.0
Pavo cristatus,25.721048,-80.254667,1,24.36666679382324,28.0,20.25,1486.0,242.0,41.0,56.83000183105469,602.0,151.0,570.0,151.0,7.566666603088379,46.70781326293945,319.4834899902344,31.700000762939453,15.5,16.200000762939453,27.850000381469727,20.25,16.0
Pavo cristatus,37.844637,-122.254845,1,14.87916660308838,18.649999618530277,10.600000381469728,627.0,133.0,2.0,92.11497497558594,342.0,8.0,12.0,339.0,10.341666221618652,55.30303192138672,332.88995361328125,24.899999618530277,6.199999809265137,18.700000762939453,11.43333339691162,18.233333587646484,54.0
Pavo cristatus,28.001394,-82.343374,1,22.45833396911621,27.700000762939453,16.41666603088379,1281.0,204.0,47.0,53.1786994934082,561.0,177.0,561.0,214.0,11.199999809265137,48.48484420776367,465.6609802246094,32.900001525878906,9.800000190734863,23.10000228881836,27.700000762939453,20.26666641235352,15.0
Pavo cristatus,28.001394,-82.343374,1,22.45833396911621,27.700000762939453,16.41666603088379,1281.0,204.0,47.0,53.1786994934082,561.0,177.0,561.0,214.0,11.199999809265137,48.48484420776367,465.6609802246094,32.900001525878906,9.800000190734863,23.10000228881836,27.700000762939453,20.26666641235352,15.0
Pavo cristatus,28.001394,-82.343374,1,22.45833396911621,27.700000762939453,16.41666603088379,1281.0,204.0,47.0,53.1786994934082,561.0,177.0,561.0,214.0,11.199999809265137,48.48484420776367,465.6609802246094,32.900001525878906,9.800000190734863,23.10000228881836,27.700000762939453,20.26666641235352,15.0
Pavo cristatus,11.864554,78.127085,1,27.058332443237305,29.700000762939453,24.25,902.0,196.0,8.0,76.9122085571289,445.0,27.0,200.0,151.0,10.666666030883787,60.26365661621094,214.6332244873047,36.09999847412109,18.399999618530277,17.69999885559082,26.86666679382324,26.33333396911621,369.0
Pavo cristatus,12.891503,77.592306,1,23.80416679382324,26.78333282470703,21.21666717529297,811.0,169.0,2.0,86.35850524902344,445.0,10.0,136.0,73.0,10.541666984558104,56.072696685791016,213.3974151611328,33.79999923706055,15.0,18.799999237060547,23.399999618530277,23.483333587646484,917.0
Pavo cristatus,29.551536,78.883211,1,22.745832443237305,29.149999618530277,14.5,1728.0,497.0,8.0,117.98217010498048,1208.0,93.0,724.0,131.0,11.44166660308838,38.91723251342773,606.2532348632812,36.900001525878906,7.5,29.400001525878903,26.950000762939453,15.233333587646484,540.0
Pavo cristatus,13.001883,101.44817,1,27.40416717529297,28.66666603088379,25.88333320617676,1392.0,256.0,5.0,72.73773193359375,635.0,49.0,447.0,75.0,8.674999237060547,64.73880767822266,112.25900268554688,33.29999923706055,19.899999618530277,13.399999618530272,27.38333320617676,26.100000381469727,66.0
Pavo cristatus,34.145604,-118.047002,1,18.49166679382324,24.166667938232425,13.516666412353516,435.0,99.0,1.0,102.21312713623048,279.0,6.0,12.0,246.0,14.416666984558104,54.40251159667969,434.322021484375,32.400001525878906,5.900000095367432,26.500001907348636,14.149999618530272,23.61666679382324,166.0
Pavo cristatus,42.601113,-5.585613,1,11.987500190734863,20.08333396911621,4.816666603088379,566.0,69.0,24.0,30.510534286499023,191.0,90.0,91.0,179.0,10.908332824707031,38.40962600708008,624.139892578125,28.399999618530277,-0.0,28.399999618530277,5.483333110809326,19.88333320617676,834.0
Pavo cristatus,41.491675,-117.53325,1,8.908333778381348,19.08333396911621,-0.7166666388511658,246.0,33.0,8.0,38.27748107910156,94.0,31.0,40.0,85.0,17.78333282470703,44.23714828491211,806.1294555664062,32.0,-8.199999809265137,40.20000076293945,-0.1666665822267532,18.733333587646484,1383.0
Pavo cristatus,23.044511,72.519666,1,27.399999618530277,32.58333206176758,21.36666679382324,767.0,268.0,1.0,151.5026092529297,628.0,4.0,112.0,6.0,13.199999809265137,45.67473983764648,439.1054992675781,41.0,12.100000381469728,28.899999618530277,28.86666679382324,23.36666679382324,60.0
Pavo cristatus,25.669925,-80.286072,1,24.174999237060547,27.78333282470703,20.083332061767575,1473.0,243.0,36.0,59.31968307495117,606.0,138.0,574.0,138.0,7.533333301544189,46.79088973999024,317.9944152832031,31.5,15.399999618530272,16.100000381469727,27.61666679382324,20.083332061767575,11.0
Pavo cristatus,27.314871,76.402573,1,24.02083396911621,30.983333587646484,15.350000381469728,777.0,265.0,5.0,146.97244262695312,654.0,19.0,307.0,25.0,12.80833339691162,40.02604293823242,632.6044921875,38.79999923706055,6.800000190734863,32.0,27.850000381469727,16.316665649414062,533.0
Pavo cristatus,28.634753,-81.547592,1,21.64583396911621,27.100000381469727,15.5,1242.0,180.0,54.0,50.124977111816406,533.0,171.0,533.0,196.0,11.175000190734863,47.15189743041992,477.6146240234375,32.70000076293945,9.0,23.700000762939453,27.100000381469727,16.649999618530273,33.0
Pavo cristatus,23.045368,72.519473,1,27.399999618530277,32.58333206176758,21.36666679382324,767.0,268.0,1.0,151.5026092529297,628.0,4.0,112.0,6.0,13.199999809265137,45.67473983764648,439.1054992675781,41.0,12.100000381469728,28.899999618530277,28.86666679382324,23.36666679382324,60.0
Pavo cristatus,23.045368,72.519473,1,27.399999618530277,32.58333206176758,21.36666679382324,767.0,268.0,1.0,151.5026092529297,628.0,4.0,112.0,6.0,13.199999809265137,45.67473983764648,439.1054992675781,41.0,12.100000381469728,28.899999618530277,28.86666679382324,23.36666679382324,60.0
Pavo cristatus,23.045368,72.519473,1,27.399999618530277,32.58333206176758,21.36666679382324,767.0,268.0,1.0,151.5026092529297,628.0,4.0,112.0,6.0,13.199999809265137,45.67473983764648,439.1054992675781,41.0,12.100000381469728,28.899999618530277,28.86666679382324,23.36666679382324,60.0
Pavo cristatus,23.045368,72.519473,1,27.399999618530277,32.58333206176758,21.36666679382324,767.0,268.0,1.0,151.5026092529297,628.0,4.0,112.0,6.0,13.199999809265137,45.67473983764648,439.1054992675781,41.0,12.100000381469728,28.899999618530277,28.86666679382324,23.36666679382324,60.0
Pavo cristatus,23.045368,72.519473,1,27.399999618530277,32.58333206176758,21.36666679382324,767.0,268.0,1.0,151.5026092529297,628.0,4.0,112.0,6.0,13.199999809265137,45.67473983764648,439.1054992675781,41.0,12.100000381469728,28.899999618530277,28.86666679382324,23.36666679382324,60.0
Pavo cristatus,23.045368,72.519473,1,27.399999618530277,32.58333206176758,21.36666679382324,767.0,268.0,1.0,151.5026092529297,628.0,4.0,112.0,6.0,13.199999809265137,45.67473983764648,439.1054992675781,41.0,12.100000381469728,28.899999618530277,28.86666679382324,23.36666679382324,60.0
Pavo cristatus,12.679747,77.91824,1,24.75,27.61666679382324,21.78333282470703,763.0,175.0,4.0,82.98088836669922,394.0,18.0,144.0,89.0,11.083333015441896,56.83760833740234,226.83595275878903,34.79999923706055,15.300000190734863,19.5,24.600000381469727,24.06666755676269,747.0
Pavo cristatus,12.680012,77.918432,1,24.75,27.61666679382324,21.78333282470703,763.0,175.0,4.0,82.98088836669922,394.0,18.0,144.0,89.0,11.083333015441896,56.83760833740234,226.83595275878903,34.79999923706055,15.300000190734863,19.5,24.600000381469727,24.06666755676269,747.0
Pavo cristatus,21.431087,-157.832161,1,23.22083282470703,24.83333396911621,21.63333320617676,2672.0,377.0,61.0,44.265098571777344,1004.0,452.0,476.0,793.0,6.8416666984558105,62.19696807861328,132.157958984375,28.5,17.5,11.0,22.46666717529297,23.700000762939453,101.0
Pavo cristatus,26.05867,-80.44452,1,23.74166679382324,27.733333587646484,19.299999237060547,1500.0,239.0,47.0,52.7882194519043,606.0,169.0,570.0,169.0,8.783332824707031,48.526702880859375,347.75799560546875,32.20000076293945,14.100000381469728,18.100000381469727,27.56666755676269,19.299999237060547,6.0
Pavo cristatus,21.63652,-158.054703,1,22.99166679382324,24.666667938232425,21.299999237060547,997.0,197.0,30.0,57.048954010009766,441.0,149.0,192.0,358.0,6.849999904632568,60.61946487426758,138.4464874267578,28.600000381469727,17.299999237060547,11.30000114440918,22.13333320617676,23.549999237060547,90.0
Pavo cristatus,-35.336006,149.136854,1,13.00416660308838,19.399999618530277,6.400000095367432,705.0,75.0,43.0,16.197092056274414,210.0,147.0,180.0,154.0,12.858333587646484,47.273284912109375,524.6187133789062,27.0,-0.2000000029802322,27.200000762939453,12.600000381469728,7.366666793823242,624.0
Pavo cristatus,-35.335952,149.136977,1,13.00416660308838,19.399999618530277,6.400000095367432,705.0,75.0,43.0,16.197092056274414,210.0,147.0,180.0,154.0,12.858333587646484,47.273284912109375,524.6187133789062,27.0,-0.2000000029802322,27.200000762939453,12.600000381469728,7.366666793823242,624.0
Pavo cristatus,-35.3354,149.136764,1,13.00416660308838,19.399999618530277,6.400000095367432,705.0,75.0,43.0,16.197092056274414,210.0,147.0,180.0,154.0,12.858333587646484,47.273284912109375,524.6187133789062,27.0,-0.2000000029802322,27.200000762939453,12.600000381469728,7.366666793823242,624.0
Pavo cristatus,-35.335322,149.136947,1,13.00416660308838,19.399999618530277,6.400000095367432,705.0,75.0,43.0,16.197092056274414,210.0,147.0,180.0,154.0,12.858333587646484,47.273284912109375,524.6187133789062,27.0,-0.2000000029802322,27.200000762939453,12.600000381469728,7.366666793823242,624.0
Pavo cristatus,-35.336931,149.138981,1,13.00416660308838,19.399999618530277,6.400000095367432,705.0,75.0,43.0,16.197092056274414,210.0,147.0,180.0,154.0,12.858333587646484,47.273284912109375,524.6187133789062,27.0,-0.2000000029802322,27.200000762939453,12.600000381469728,7.366666793823242,624.0
Pavo cristatus,6.454042,80.88997,1,26.99166679382324,27.61666679382324,26.149999618530277,1600.0,297.0,41.0,63.6832160949707,723.0,126.0,391.0,563.0,6.883333206176758,74.81884765625,60.40895462036133,31.299999237060547,22.100000381469727,9.19999885559082,26.433334350585938,27.38333320617676,100.0
Pavo cristatus,17.42166,78.426918,1,26.412500381469727,30.899999618530277,22.28333282470703,783.0,183.0,2.0,109.56211853027344,522.0,10.0,147.0,22.0,11.208333015441896,47.09383392333984,339.0436096191406,38.900001525878906,15.100000381469728,23.80000114440918,26.100000381469727,22.94999885559082,600.0
Pavo cristatus,17.421672,78.426577,1,26.412500381469727,30.899999618530277,22.28333282470703,783.0,183.0,2.0,109.56211853027344,522.0,10.0,147.0,22.0,11.208333015441896,47.09383392333984,339.0436096191406,38.900001525878906,15.100000381469728,23.80000114440918,26.100000381469727,22.94999885559082,600.0
Pavo cristatus,17.421697,78.426821,1,26.412500381469727,30.899999618530277,22.28333282470703,783.0,183.0,2.0,109.56211853027344,522.0,10.0,147.0,22.0,11.208333015441896,47.09383392333984,339.0436096191406,38.900001525878906,15.100000381469728,23.80000114440918,26.100000381469727,22.94999885559082,600.0
Pavo cristatus,17.42423,78.414154,1,26.350000381469727,30.86666679382324,22.21666717529297,785.0,184.0,2.0,110.1424789428711,526.0,10.0,146.0,22.0,11.31666660308838,47.152774810791016,340.5877380371094,38.900001525878906,14.899999618530272,24.000001907348636,26.03333282470703,22.88333320617676,607.0
Pavo cristatus,17.424657,78.416726,1,26.387500762939453,30.916667938232425,22.233333587646484,784.0,183.0,2.0,109.89400482177734,524.0,10.0,146.0,22.0,11.258333206176758,47.105995178222656,341.54150390625,38.900001525878906,15.0,23.900001525878903,26.049999237060547,22.91666603088379,604.0
Pavo cristatus,-41.444633,147.117631,1,12.762499809265137,17.066665649414062,8.333333015441895,717.0,85.0,32.0,24.717531204223636,232.0,123.0,123.0,231.0,9.574999809265137,49.10256576538086,354.9783935546875,23.299999237060547,3.799999952316284,19.5,9.016666412353516,17.066665649414062,74.0
Pavo cristatus,-41.44457,147.117675,1,12.762499809265137,17.066665649414062,8.333333015441895,717.0,85.0,32.0,24.717531204223636,232.0,123.0,123.0,231.0,9.574999809265137,49.10256576538086,354.9783935546875,23.299999237060547,3.799999952316284,19.5,9.016666412353516,17.066665649414062,74.0
Pavo cristatus,11.756226,77.980654,1,27.84583282470703,30.53333282470703,25.03333282470703,884.0,190.0,8.0,74.68262481689453,427.0,30.0,161.0,141.0,11.291666030883787,61.36775588989258,213.7379302978516,37.29999923706055,18.899999618530277,18.399999618530277,27.566665649414062,27.433332443237305,289.0
Pavo cristatus,27.976428,-82.724258,1,22.620832443237305,27.850000381469727,16.483333587646484,1290.0,211.0,46.0,51.64506149291992,564.0,197.0,542.0,222.0,10.30833339691162,46.43393707275391,469.8039245605469,32.5,10.300000190734863,22.200000762939453,27.799999237060547,20.433334350585938,19.0
Pavo cristatus,11.705279,77.967986,1,28.05416679382324,30.700000762939453,25.299999237060547,880.0,189.0,8.0,73.77688598632812,423.0,32.0,162.0,141.0,11.291666030883787,61.70309829711914,210.0049743652344,37.5,19.200000762939453,18.299999237060547,27.76666641235352,27.66666603088379,263.0
Pavo cristatus,25.664266,-80.313678,1,24.28333282470703,27.899999618530277,20.16666603088379,1470.0,245.0,37.0,59.29656982421875,607.0,140.0,571.0,140.0,7.950000286102295,47.89157104492188,319.26287841796875,31.799999237060547,15.199999809265137,16.599998474121094,27.733333587646484,20.16666603088379,9.0
Pavo cristatus,6.865305,81.050588,1,22.52083396911621,23.450000762939453,21.25,1933.0,324.0,24.0,60.34382629394531,851.0,143.0,418.0,560.0,7.7916669845581055,70.83333587646484,91.31510162353516,27.700000762939453,16.700000762939453,11.0,21.88333320617676,23.26666641235352,869.0
Pavo cristatus,42.30632,-1.939621,1,13.875,21.53333282470703,6.983333110809326,447.0,52.0,26.0,23.14668655395508,145.0,81.0,81.0,108.0,10.466666221618652,38.90953826904297,596.7506713867188,29.200000762939453,2.299999952316284,26.900001525878903,15.399999618530272,21.53333282470703,304.0
Pavo cristatus,25.60474,-80.320708,1,24.245832443237305,27.816665649414062,20.183334350585938,1462.0,244.0,34.0,60.55232238769531,606.0,135.0,573.0,135.0,8.358332633972168,49.45759201049805,314.41473388671875,31.899999618530277,15.0,16.899999618530273,27.61666679382324,20.183334350585938,10.0
Pavo cristatus,25.604537,-80.321502,1,24.245832443237305,27.816665649414062,20.183334350585938,1462.0,244.0,34.0,60.55232238769531,606.0,135.0,573.0,135.0,8.358332633972168,49.45759201049805,314.41473388671875,31.899999618530277,15.0,16.899999618530273,27.61666679382324,20.183334350585938,10.0
Pavo cristatus,25.604596,-80.321542,1,24.245832443237305,27.816665649414062,20.183334350585938,1462.0,244.0,34.0,60.55232238769531,606.0,135.0,573.0,135.0,8.358332633972168,49.45759201049805,314.41473388671875,31.899999618530277,15.0,16.899999618530273,27.61666679382324,20.183334350585938,10.0
Pavo cristatus,11.572177,76.642715,1,22.39166641235352,24.86666679382324,20.71666717529297,1437.0,326.0,5.0,86.31646728515625,741.0,20.0,206.0,118.0,10.100000381469728,59.06432723999024,163.9267120361328,31.5,14.399999618530272,17.100000381469727,21.75,22.700000762939453,937.0
Pavo cristatus,34.146497,-118.037188,1,18.48750114440918,24.149999618530277,13.516666412353516,433.0,98.0,1.0,101.95098876953124,277.0,6.0,12.0,244.0,14.375,54.24528121948242,433.3229370117188,32.400001525878906,5.900000095367432,26.500001907348636,14.15000057220459,23.600000381469727,159.0
Pavo cristatus,48.412428,-123.364506,1,10.545833587646484,16.850000381469727,4.833333492279053,718.0,122.0,17.0,66.06587982177734,355.0,63.0,63.0,315.0,7.224999904632568,35.41666412353516,498.7413940429688,22.5,2.0999999046325684,20.399999618530277,5.133333206176758,16.850000381469727,25.0
Pavo cristatus,-33.661016,151.286133,1,17.1875,21.350000381469727,12.56666660308838,1340.0,156.0,68.0,27.373441696166992,453.0,227.0,390.0,280.0,7.775000095367432,44.42857360839844,355.95660400390625,25.299999237060547,7.800000190734863,17.5,21.299999237060547,13.133333206176758,95.0
Pavo cristatus,51.435016,-2.18463,1,9.791666984558104,15.65000057220459,4.683333396911621,746.0,80.0,46.0,17.021677017211914,227.0,158.0,165.0,208.0,7.400000095367432,37.755104064941406,454.0015869140625,21.0,1.399999976158142,19.600000381469727,5.566666603088379,14.016666412353516,103.0
Pavo cristatus,48.464938,-123.308701,1,10.383333206176758,16.683334350585938,4.800000190734863,720.0,122.0,18.0,64.56754302978516,353.0,66.0,66.0,311.0,7.066666603088379,35.15754699707031,495.32513427734375,22.299999237060547,2.200000047683716,20.099998474121094,5.0333333015441895,16.683334350585938,64.0
Pavo cristatus,6.285661,81.30113,1,27.375,28.183332443237305,26.399999618530277,962.0,208.0,16.0,71.30680084228516,470.0,57.0,184.0,315.0,6.483333587646484,73.67423248291016,70.5014419555664,31.700000762939453,22.899999618530277,8.80000114440918,26.899999618530277,27.816665649414062,14.0
Pavo cristatus,-19.348708,146.73109,1,24.129165649414062,27.549999237060547,19.61666679382324,1041.0,282.0,16.0,102.12242126464844,652.0,55.0,636.0,57.0,8.975000381469727,50.13966369628906,325.2094421386719,31.399999618530277,13.5,17.899999618530273,27.316665649414062,20.5,23.0
Pavo cristatus,-36.919048,174.612035,1,14.579166412353516,18.53333282470703,10.766666412353516,1353.0,156.0,87.0,18.47532844543457,431.0,274.0,274.0,431.0,7.458333492279053,45.756649017333984,314.2629089355469,22.899999618530277,6.599999904632568,16.299999237060547,10.766666412353516,18.53333282470703,64.0
Pavo cristatus,-36.916627,174.604125,1,14.487500190734863,18.450000762939453,10.666666984558104,1391.0,163.0,84.0,18.857275009155277,436.0,287.0,288.0,436.0,7.59166669845581,46.290653228759766,314.66522216796875,22.899999618530277,6.5,16.399999618530273,10.666666984558104,18.183334350585938,83.0
Pavo cristatus,7.85768,80.70783,1,26.86666679382324,28.08333396911621,25.183334350585938,1636.0,309.0,14.0,70.54901123046875,833.0,105.0,271.0,563.0,8.366666793823242,69.72222137451172,122.4621124267578,32.70000076293945,20.700000762939453,12.0,25.83333396911621,27.75,186.0
Pavo cristatus,11.953835,77.649574,1,27.32916641235352,30.21666717529297,24.450000762939453,839.0,188.0,7.0,76.82037353515625,392.0,30.0,188.0,123.0,9.925000190734863,56.39204406738281,222.70504760742188,36.70000076293945,19.100000381469727,17.600000381469727,27.049999237060547,26.83333396911621,259.0
Pavo cristatus,39.482545,-118.803633,1,11.100000381469728,21.433334350585938,1.2666666507720947,136.0,16.0,6.0,25.484220504760746,46.0,24.0,28.0,33.0,17.566667556762695,43.26765060424805,817.37109375,33.400001525878906,-7.199999809265137,40.60000228881836,14.583333969116213,20.850000381469727,1214.0
Pavo cristatus,34.136988,-118.069071,1,18.462499618530277,24.13333320617676,13.5,451.0,103.0,1.0,102.40016174316406,290.0,7.0,12.0,256.0,14.574999809265137,54.588016510009766,434.0408630371094,32.5,5.800000190734863,26.700000762939453,14.116666793823242,23.58333396911621,185.0
Pavo cristatus,34.136829,-118.069078,1,18.462499618530277,24.13333320617676,13.5,451.0,103.0,1.0,102.40016174316406,290.0,7.0,12.0,256.0,14.574999809265137,54.588016510009766,434.0408630371094,32.5,5.800000190734863,26.700000762939453,14.116666793823242,23.58333396911621,185.0
Pavo cristatus,34.13638,-118.069065,1,18.462499618530277,24.13333320617676,13.5,451.0,103.0,1.0,102.40016174316406,290.0,7.0,12.0,256.0,14.574999809265137,54.588016510009766,434.0408630371094,32.5,5.800000190734863,26.700000762939453,14.116666793823242,23.58333396911621,185.0
Pavo cristatus,13.087986,77.566983,1,23.737499237060547,26.799999237060547,21.03333282470703,802.0,165.0,1.0,87.2892837524414,445.0,7.0,126.0,67.0,10.52500057220459,55.39474105834961,221.62750244140625,33.79999923706055,14.800000190734863,19.0,23.333332061767575,23.36666679382324,928.0
Pavo cristatus,24.577038,73.66838,1,24.69583320617676,30.63333320617676,17.816667556762695,658.0,211.0,2.0,143.1121826171875,537.0,8.0,85.0,8.0,11.875,40.948272705078125,501.01470947265625,38.400001525878906,9.399999618530272,29.000001907348636,26.46666717529297,17.816667556762695,601.0
Pavo cristatus,9.547097,76.576484,1,27.52083396911621,29.11666679382324,26.75,3040.0,627.0,16.0,82.60834503173828,1622.0,96.0,502.0,1356.0,7.708333492279053,67.61695098876953,102.03517150878906,33.400001525878906,22.0,11.400001525878906,26.76666641235352,27.08333396911621,16.0
Pavo cristatus,34.141938,-118.061484,1,18.46666717529297,24.16666603088379,13.466667175292969,449.0,103.0,1.0,102.91626739501952,290.0,6.0,12.0,254.0,14.583333015441896,54.41542816162109,436.6730346679688,32.599998474121094,5.800000190734863,26.799999237060547,14.100000381469728,23.61666679382324,187.0
Pavo cristatus,48.412992,-123.364429,1,10.545833587646484,16.850000381469727,4.833333492279053,718.0,122.0,17.0,66.06587982177734,355.0,63.0,63.0,315.0,7.224999904632568,35.41666412353516,498.7413940429688,22.5,2.0999999046325684,20.399999618530277,5.133333206176758,16.850000381469727,25.0
Pavo cristatus,17.421564,78.421793,1,26.387500762939453,30.916667938232425,22.233333587646484,784.0,183.0,2.0,109.89400482177734,524.0,10.0,146.0,22.0,11.258333206176758,47.105995178222656,341.54150390625,38.900001525878906,15.0,23.900001525878903,26.049999237060547,22.91666603088379,604.0
Pavo cristatus,17.424473,78.417705,1,26.387500762939453,30.916667938232425,22.233333587646484,784.0,183.0,2.0,109.89400482177734,524.0,10.0,146.0,22.0,11.258333206176758,47.105995178222656,341.54150390625,38.900001525878906,15.0,23.900001525878903,26.049999237060547,22.91666603088379,604.0
Pavo cristatus,17.421878,78.42782,1,26.412500381469727,30.899999618530277,22.28333282470703,783.0,183.0,2.0,109.56211853027344,522.0,10.0,147.0,22.0,11.208333015441896,47.09383392333984,339.0436096191406,38.900001525878906,15.100000381469728,23.80000114440918,26.100000381469727,22.94999885559082,600.0
Pavo cristatus,38.516555,-8.970254,1,16.524999618530273,21.799999237060547,11.616666793823242,684.0,114.0,5.0,65.45533752441406,315.0,28.0,37.0,295.0,8.716667175292969,42.52032470703125,412.6439208984375,28.0,7.5,20.5,12.366666793823242,21.450000762939453,49.0
Pavo cristatus,25.607492,-80.317847,1,24.245832443237305,27.816665649414062,20.183334350585938,1462.0,244.0,34.0,60.55232238769531,606.0,135.0,573.0,135.0,8.358332633972168,49.45759201049805,314.41473388671875,31.899999618530277,15.0,16.899999618530273,27.61666679382324,20.183334350585938,10.0
Pavo cristatus,33.79756,-117.753821,1,17.225000381469727,22.31666755676269,13.06666660308838,385.0,82.0,1.0,98.51609802246094,237.0,6.0,13.0,217.0,12.716666221618652,54.57796478271485,379.0328674316406,29.700000762939453,6.400000095367432,23.30000114440918,13.31666660308838,21.566665649414062,191.0
Pavo cristatus,48.413025,-123.363587,1,10.545833587646484,16.850000381469727,4.833333492279053,718.0,122.0,17.0,66.06587982177734,355.0,63.0,63.0,315.0,7.224999904632568,35.41666412353516,498.7413940429688,22.5,2.0999999046325684,20.399999618530277,5.133333206176758,16.850000381469727,25.0
Pavo cristatus,25.583292,-80.32975,1,24.1875,27.799999237060547,20.13333320617676,1454.0,245.0,34.0,60.90276336669922,605.0,134.0,569.0,134.0,8.341667175292969,49.068626403808594,315.2929382324219,32.0,15.0,17.0,27.600000381469727,20.13333320617676,8.0
Pavo cristatus,6.045381,80.82702,1,27.05416679382324,27.78333282470703,26.416667938232425,1340.0,230.0,59.0,46.36954498291016,550.0,211.0,324.0,457.0,5.758333206176758,69.37749481201172,55.65551376342773,31.100000381469727,22.799999237060547,8.30000114440918,26.61666679382324,26.799999237060547,5.0
Pavo cristatus,48.413319,-123.363446,1,10.545833587646484,16.850000381469727,4.833333492279053,718.0,122.0,17.0,66.06587982177734,355.0,63.0,63.0,315.0,7.224999904632568,35.41666412353516,498.7413940429688,22.5,2.0999999046325684,20.399999618530277,5.133333206176758,16.850000381469727,25.0
Pavo cristatus,12.29403,77.440779,1,26.71666717529297,29.700000762939453,24.11666679382324,815.0,182.0,4.0,82.38618469238281,393.0,19.0,194.0,94.0,10.266666412353516,57.35567474365234,213.32150268554688,36.400001525878906,18.5,17.900001525878906,26.21666717529297,26.700000762939453,386.0
Pavo cristatus,13.092381,77.57615,1,23.80416679382324,26.86666679382324,21.066665649414062,796.0,164.0,1.0,87.16450500488281,440.0,7.0,126.0,66.0,10.541666984558104,55.19197082519531,222.29649353027344,33.900001525878906,14.800000190734863,19.10000228881836,23.41666603088379,23.416667938232425,914.0
Pavo cristatus,-32.969219,150.900876,1,16.5625,21.76666641235352,10.949999809265137,853.0,120.0,32.0,34.89811706542969,309.0,125.0,309.0,137.0,11.324999809265137,49.23912811279297,435.4210510253906,27.700000762939453,4.699999809265137,23.0,21.399999618530277,11.850000381469728,213.0
Pavo cristatus,17.425463,78.419472,1,26.487499237060547,31.01666641235352,22.33333396911621,788.0,185.0,2.0,110.06609344482422,528.0,10.0,147.0,22.0,11.258333206176758,47.10599899291992,341.71441650390625,39.0,15.100000381469728,23.899999618530277,26.16666603088379,23.0,581.0
Pavo cristatus,17.4452,78.458734,1,26.745832443237305,31.26666641235352,22.549999237060547,788.0,186.0,2.0,109.67887115478516,526.0,11.0,148.0,22.0,11.05833339691162,46.65963745117188,342.44744873046875,39.09999847412109,15.399999618530272,23.69999885559082,26.5,23.183334350585938,528.0
Pavo cristatus,24.381667,124.134084,1,23.420833587646484,28.06666755676269,18.350000381469727,2074.0,235.0,126.0,20.591243743896484,652.0,403.0,568.0,421.0,4.5416669845581055,29.11324882507324,402.3254089355469,31.100000381469727,15.5,15.600000381469728,26.816665649414062,18.5,47.0
Pavo cristatus,25.99352,76.408378,1,25.358333587646484,32.31666564941406,17.233333587646484,863.0,309.0,3.0,159.97364807128906,743.0,13.0,81.0,18.0,12.699999809265137,39.56386566162109,607.3894653320312,40.59999847412109,8.5,32.099998474121094,28.16666603088379,24.399999618530277,381.0
Pavo cristatus,50.530255,-3.632316,1,10.6875,15.899999618530272,6.183333396911621,903.0,108.0,46.0,27.063491821289062,305.0,159.0,162.0,300.0,6.6583333015441895,38.0476188659668,405.2671508789063,20.600000381469727,3.0999999046325684,17.5,7.066666603088379,14.333333015441896,45.0
Pavo cristatus,25.661385,-80.279793,1,24.174999237060547,27.78333282470703,20.083332061767575,1470.0,242.0,36.0,59.59236145019531,606.0,137.0,575.0,137.0,7.533333301544189,46.79088973999024,317.9944152832031,31.5,15.399999618530272,16.100000381469727,27.61666679382324,20.083332061767575,11.0
Pavo cristatus,34.14568,-118.048137,1,18.49166679382324,24.166667938232425,13.516666412353516,435.0,99.0,1.0,102.21312713623048,279.0,6.0,12.0,246.0,14.416666984558104,54.40251159667969,434.322021484375,32.400001525878906,5.900000095367432,26.500001907348636,14.149999618530272,23.61666679382324,166.0
Pavo cristatus,7.891589,80.725406,1,26.77916717529297,27.983333587646484,25.03333282470703,1652.0,321.0,13.0,71.31129455566406,845.0,106.0,264.0,582.0,8.375,69.21488189697266,126.04937744140624,32.599998474121094,20.5,12.099998474121094,25.75,27.733333587646484,206.0
Pavo cristatus,8.120453,80.807775,1,27.125,28.56666755676269,25.066665649414062,1564.0,324.0,9.0,74.2385482788086,829.0,113.0,139.0,557.0,8.550000190734863,69.5121841430664,151.2899169921875,32.900001525878906,20.600000381469727,12.30000114440918,25.899999618530277,28.483333587646484,135.0
Pavo cristatus,7.934703,80.727814,1,26.90416717529297,28.149999618530277,25.066665649414062,1619.0,318.0,11.0,72.22061157226562,836.0,102.0,257.0,568.0,8.625,70.12195587158203,132.58717346191406,32.79999923706055,20.5,12.299999237060549,25.816665649414062,27.950000762939453,190.0
Pavo cristatus,38.493032,-122.029757,1,16.40833282470703,23.799999237060547,8.90000057220459,597.0,134.0,1.0,96.2574462890625,340.0,6.0,11.0,340.0,14.966666221618652,47.21345901489258,619.6326904296875,34.5,2.799999952316284,31.700000762939453,8.90000057220459,23.799999237060547,60.0
Pavo cristatus,25.085381,55.139878,1,27.412500381469727,34.04999923706055,19.96666717529297,97.0,33.0,0.0,117.40121459960938,68.0,2.0,2.0,57.0,10.591667175292969,41.05297088623047,583.193115234375,40.0,14.199999809265137,25.799999237060547,20.53333282470703,34.04999923706055,2.0
Pavo cristatus,-27.496617,152.960983,1,20.29166603088379,24.816665649414062,14.899999618530272,1180.0,192.0,33.0,48.9554557800293,483.0,126.0,483.0,138.0,10.866666793823242,50.54263305664063,401.7848510742188,29.899999618530277,8.399999618530273,21.5,24.816665649414062,15.733333587646484,49.0
Pavo cristatus,12.437969,76.80632,1,24.42916679382324,27.16666603088379,22.41666603088379,667.0,157.0,2.0,90.19225311279295,323.0,14.0,186.0,63.0,10.574999809265137,60.08522033691406,184.8151397705078,33.900001525878906,16.299999237060547,17.60000228881836,23.86666679382324,24.66666603088379,763.0
Pavo cristatus,7.895314,80.726386,1,26.85416603088379,28.06666755676269,25.100000381469727,1642.0,319.0,13.0,71.36090087890625,841.0,106.0,263.0,576.0,8.458333969116211,69.90357971191406,126.60710906982422,32.70000076293945,20.600000381469727,12.100000381469728,25.816665649414062,27.83333396911621,196.0
Pavo cristatus,43.064619,2.961442,1,14.908333778381348,22.16666603088379,8.433333396911621,551.0,74.0,14.0,33.212890625,185.0,78.0,78.0,165.0,7.883333206176758,33.54610061645508,565.8695068359375,27.899999618530277,4.400000095367432,23.5,11.866666793823242,22.16666603088379,8.0
Pavo cristatus,7.890035,80.700629,1,26.92916679382324,28.13333320617676,25.200000762939453,1616.0,308.0,13.0,71.2023696899414,828.0,101.0,266.0,556.0,8.441666603088379,69.7658462524414,124.4160385131836,32.79999923706055,20.700000762939453,12.099998474121094,25.916667938232425,27.83333396911621,178.0
Pavo cristatus,34.142298,-118.036038,1,18.48750114440918,24.149999618530277,13.516666412353516,433.0,98.0,1.0,101.95098876953124,277.0,6.0,12.0,244.0,14.375,54.24528121948242,433.3229370117188,32.400001525878906,5.900000095367432,26.500001907348636,14.15000057220459,23.600000381469727,159.0
Pavo cristatus,48.410643,-123.366205,1,10.545833587646484,16.850000381469727,4.833333492279053,718.0,122.0,17.0,66.06587982177734,355.0,63.0,63.0,315.0,7.224999904632568,35.41666412353516,498.7413940429688,22.5,2.0999999046325684,20.399999618530277,5.133333206176758,16.850000381469727,25.0
Pavo cristatus,-26.616403,152.97867,1,20.512500762939453,24.71666717529297,15.5,1646.0,268.0,46.0,51.38103485107422,699.0,189.0,638.0,208.0,10.991666793823242,52.34127426147461,373.3151550292969,29.799999237060547,8.800000190734863,21.0,24.53333282470703,16.316667556762695,19.0
Pavo cristatus,21.375404,-157.709572,1,24.037500381469727,25.83333396911621,22.21666717529297,1034.0,161.0,27.0,53.38970565795898,414.0,117.0,119.0,381.0,7.241666316986084,61.37004852294922,149.5770721435547,29.700000762939453,17.899999618530273,11.80000114440918,22.983333587646484,25.5,41.0
Pavo cristatus,-31.250374,-57.97016,1,18.933334350585938,24.799999237060547,13.083333969116213,1344.0,159.0,62.0,27.59018898010254,430.0,204.0,393.0,204.0,11.233333587646484,46.03825378417969,476.8091430664063,31.799999237060547,7.400000095367432,24.399999618530277,24.26666641235352,13.083333969116213,48.0
Pavo cristatus,-33.292447,150.971313,1,17.03333282470703,21.983333587646484,11.516666412353516,900.0,114.0,38.0,33.144981384277344,335.0,142.0,299.0,147.0,10.899999618530272,49.099098205566406,420.9747009277344,27.399999618530277,5.199999809265137,22.200000762939453,21.683332443237305,12.483333587646484,86.0
Pavo cristatus,6.483816,80.893698,1,26.995832443237305,27.61666679382324,26.03333282470703,1636.0,302.0,42.0,63.82240676879883,738.0,127.0,397.0,576.0,7.174999713897705,76.32978820800781,67.67095184326172,31.299999237060547,21.899999618530277,9.399999618530272,26.36666679382324,27.53333282470703,119.0
Pavo cristatus,48.41265,-123.365545,1,10.545833587646484,16.850000381469727,4.833333492279053,718.0,122.0,17.0,66.06587982177734,355.0,63.0,63.0,315.0,7.224999904632568,35.41666412353516,498.7413940429688,22.5,2.0999999046325684,20.399999618530277,5.133333206176758,16.850000381469727,25.0
Pavo cristatus,25.725957,-80.250794,1,24.4375,28.08333396911621,20.31666755676269,1484.0,243.0,42.0,56.38398361206055,599.0,152.0,564.0,152.0,7.608333587646484,46.67689514160156,319.31121826171875,31.799999237060547,15.5,16.299999237060547,27.899999618530277,20.31666755676269,11.0
Pavo cristatus,48.415622,-123.355972,1,10.570833206176758,16.883333206176758,4.849999904632568,705.0,120.0,17.0,65.94970703125,349.0,63.0,63.0,309.0,7.258333206176758,35.40650177001953,499.5791931152344,22.600000381469727,2.0999999046325684,20.5,5.133333206176758,16.883333206176758,12.0
Pavo cristatus,48.413017,-123.36532,1,10.545833587646484,16.850000381469727,4.833333492279053,718.0,122.0,17.0,66.06587982177734,355.0,63.0,63.0,315.0,7.224999904632568,35.41666412353516,498.7413940429688,22.5,2.0999999046325684,20.399999618530277,5.133333206176758,16.850000381469727,25.0
Pavo cristatus,48.412525,-123.365555,1,10.545833587646484,16.850000381469727,4.833333492279053,718.0,122.0,17.0,66.06587982177734,355.0,63.0,63.0,315.0,7.224999904632568,35.41666412353516,498.7413940429688,22.5,2.0999999046325684,20.399999618530277,5.133333206176758,16.850000381469727,25.0
Pavo cristatus,13.125092,77.660381,1,23.862499237060547,26.950000762939453,21.03333282470703,769.0,162.0,1.0,87.08103942871094,422.0,7.0,122.0,67.0,10.891666412353516,55.56972885131836,227.68724060058597,34.20000076293945,14.600000381469728,19.600000381469727,23.5,23.399999618530277,907.0
Pavo cristatus,27.174059,78.048806,1,25.712499618530277,33.16666793823242,16.316665649414062,807.0,257.0,4.0,131.2095489501953,623.0,29.0,303.0,37.0,13.208333015441896,39.07790756225586,684.0325927734375,41.400001525878906,7.599999904632568,33.80000305175781,29.88333320617676,17.266666412353516,165.0
Pavo cristatus,25.669537,-80.285238,1,24.174999237060547,27.78333282470703,20.083332061767575,1473.0,243.0,36.0,59.31968307495117,606.0,138.0,574.0,138.0,7.533333301544189,46.79088973999024,317.9944152832031,31.5,15.399999618530272,16.100000381469727,27.61666679382324,20.083332061767575,11.0
Pavo cristatus,37.801294,-112.940813,1,9.529166221618652,21.066665649414062,-1.4499999284744265,323.0,39.0,13.0,24.41266250610352,95.0,63.0,80.0,71.0,17.375,40.50116729736328,911.0819091796876,32.5,-10.399999618530272,42.900001525878906,16.28333282470703,18.149999618530277,1821.0
Pavo cristatus,-17.122817,145.700212,1,23.662500381469727,26.483333587646484,20.03333282470703,1805.0,510.0,33.0,97.94310760498048,1110.0,117.0,753.0,117.0,7.908333301544189,52.37306594848633,263.4571228027344,30.600000381469727,15.5,15.100000381469728,26.28333282470703,20.03333282470703,81.0
Pavo cristatus,33.795611,-117.750342,1,17.225000381469727,22.31666755676269,13.06666660308838,385.0,82.0,1.0,98.51609802246094,237.0,6.0,13.0,217.0,12.716666221618652,54.57796478271485,379.0328674316406,29.700000762939453,6.400000095367432,23.30000114440918,13.31666660308838,21.566665649414062,191.0
Pavo cristatus,12.854315,77.509945,1,24.25416755676269,27.33333396911621,21.700000762939453,806.0,171.0,2.0,86.25670623779297,441.0,10.0,138.0,70.0,10.641666412353516,56.30510711669922,215.95936584472656,34.400001525878906,15.5,18.900001525878903,23.71666717529297,24.11666679382324,820.0
Pavo cristatus,6.378459,81.49115,1,27.38333320617676,28.38333320617676,26.100000381469727,1001.0,206.0,10.0,76.61027526855469,521.0,40.0,87.0,404.0,6.583333492279053,73.14814758300781,94.4441375732422,31.700000762939453,22.700000762939453,9.0,26.21666717529297,28.28333282470703,14.0
Pavo cristatus,50.888956,-4.280834,1,9.891666412353516,14.93333339691162,5.483333587646484,1095.0,127.0,61.0,26.94857788085937,376.0,195.0,240.0,336.0,6.583333492279053,38.27519607543945,396.4778442382813,19.399999618530277,2.200000047683716,17.19999885559082,6.483333587646484,10.716666221618652,129.0
Pavo cristatus,26.803449,-80.112001,1,23.80416679382324,27.83333396911621,19.233333587646484,1485.0,208.0,61.0,41.48125076293945,523.0,203.0,523.0,203.0,9.158333778381348,48.71453857421875,356.0800476074219,32.400001525878906,13.600000381469728,18.80000114440918,27.83333396911621,19.233333587646484,11.0
Pavo cristatus,13.112366,77.577688,1,23.84166717529297,26.91666603088379,21.08333396911621,794.0,164.0,1.0,87.11865234375,439.0,7.0,125.0,66.0,10.649999618530272,55.46875,224.03158569335935,34.0,14.800000190734863,19.200000762939453,23.450000762939453,23.450000762939453,905.0
Pavo cristatus,26.802634,-80.112099,1,23.80416679382324,27.83333396911621,19.233333587646484,1485.0,208.0,61.0,41.48125076293945,523.0,203.0,523.0,203.0,9.158333778381348,48.71453857421875,356.0800476074219,32.400001525878906,13.600000381469728,18.80000114440918,27.83333396911621,19.233333587646484,11.0
Pavo cristatus,25.947467,-80.31122,1,24.35416603088379,28.03333282470703,20.11666679382324,1529.0,244.0,54.0,50.74044418334961,599.0,181.0,560.0,181.0,8.691666603088379,49.66666793823242,326.8337097167969,32.29999923706055,14.800000190734863,17.5,27.88333320617676,20.11666679382324,9.0
Pavo cristatus,-33.94639,22.469675,1,16.891666412353516,20.16666603088379,13.81666660308838,597.0,83.0,35.0,25.569215774536133,200.0,115.0,139.0,123.0,10.333333969116213,59.04762268066406,263.0834045410156,25.5,8.0,17.5,17.633333206176758,14.5,250.0
Pavo cristatus,39.262753,-111.632163,1,8.587499618530273,19.86666679382324,-2.700000047683716,341.0,37.0,19.0,21.07839775085449,107.0,63.0,63.0,76.0,15.991666793823242,38.814727783203125,907.1461791992188,30.799999237060547,-10.399999618530272,41.19999694824219,8.016666412353516,19.86666679382324,1745.0
Pavo cristatus,29.756129,-95.60024,1,20.795833587646484,28.350000381469727,12.399999618530272,1145.0,129.0,65.0,20.70771598815918,334.0,216.0,310.0,249.0,11.44166660308838,39.866432189941406,650.1275024414062,34.400001525878906,5.699999809265137,28.700000762939453,26.899999618530277,16.850000381469727,30.0
Pavo cristatus,6.262853,81.399528,1,27.47083282470703,28.316665649414062,26.433332443237305,929.0,200.0,14.0,73.20332336425781,464.0,50.0,166.0,335.0,6.5916666984558105,74.9052963256836,78.95507049560547,31.700000762939453,22.899999618530277,8.80000114440918,26.450000762939453,28.13333320617676,18.0
Pavo cristatus,25.718038,-80.246744,1,24.387500762939453,28.01666641235352,20.25,1483.0,241.0,40.0,56.9817008972168,601.0,149.0,570.0,149.0,7.558333396911621,46.656375885009766,319.5318298339844,31.700000762939453,15.5,16.200000762939453,27.850000381469727,20.25,11.0
Pavo cristatus,36.592545,-119.619863,1,17.15416717529297,26.049999237060547,8.383333206176758,274.0,53.0,0.0,86.3196792602539,155.0,3.0,3.0,139.0,14.80833339691162,43.04747772216797,728.1123046875,36.400001525878906,2.0,34.400001525878906,10.449999809265137,26.049999237060547,99.0
Pavo cristatus,-41.444038,147.117753,1,12.762499809265137,17.066665649414062,8.333333015441895,717.0,85.0,32.0,24.717531204223636,232.0,123.0,123.0,231.0,9.574999809265137,49.10256576538086,354.9783935546875,23.299999237060547,3.799999952316284,19.5,9.016666412353516,17.066665649414062,74.0
Pavo cristatus,29.425191,-98.494592,1,20.79166603088379,28.63333320617676,12.100000381469728,786.0,111.0,41.0,35.57099533081055,273.0,129.0,205.0,132.0,12.199999809265137,40.1315803527832,672.3054809570312,35.099998474121094,4.699999809265137,30.39999771118164,24.38333320617676,13.84999942779541,205.0
Pavo cristatus,13.076663,77.577635,1,23.69166755676269,26.71666717529297,20.983333587646484,802.0,165.0,1.0,87.1397705078125,444.0,7.0,126.0,68.0,10.483333587646484,55.46737289428711,219.9259490966797,33.70000076293945,14.800000190734863,18.900001525878903,23.316665649414062,23.31666755676269,940.0
Pavo cristatus,18.490777,73.941017,1,24.97083282470703,28.63333320617676,21.58333396911621,670.0,169.0,0.0,101.51588439941406,385.0,2.0,160.0,7.0,13.075000762939451,52.93522262573242,281.89666748046875,37.20000076293945,12.5,24.700000762939453,24.78333282470703,23.46666717529297,580.0
Pavo cristatus,18.48485,73.815312,1,24.71666717529297,28.333332061767575,21.38333320617676,955.0,306.0,0.0,119.7086410522461,631.0,2.0,199.0,6.0,12.516666412353516,51.93637847900391,277.3685913085937,36.59999847412109,12.5,24.099998474121094,25.26666641235352,23.21666717529297,575.0
Pavo cristatus,18.451863,73.920807,1,24.6875,28.333332061767575,21.450000762939453,707.0,190.0,0.0,103.35084533691406,412.0,3.0,165.0,37.0,13.125,52.92338943481445,278.3728942871094,37.09999847412109,12.300000190734863,24.799999237060547,24.33333396911621,23.33333396911621,645.0
Pavo cristatus,21.374155,-157.710779,1,24.11666679382324,25.899999618530277,22.299999237060547,949.0,127.0,39.0,33.46996307373047,330.0,147.0,147.0,301.0,7.066666603088379,60.91954040527344,149.35214233398438,29.700000762939453,18.100000381469727,11.600000381469728,23.066665649414062,25.899999618530277,11.0
Pavo cristatus,34.15419,-118.016491,1,18.37916755676269,24.08333396911621,13.399999618530272,433.0,98.0,1.0,101.65227508544922,276.0,6.0,12.0,244.0,14.358333587646484,53.97869491577149,436.3925476074219,32.400001525878906,5.800000190734863,26.60000228881836,14.016666412353516,23.55000114440918,185.0
Pavo cristatus,13.111295,77.575453,1,23.84166717529297,26.91666603088379,21.08333396911621,794.0,164.0,1.0,87.11865234375,439.0,7.0,125.0,66.0,10.649999618530272,55.46875,224.03158569335935,34.0,14.800000190734863,19.200000762939453,23.450000762939453,23.450000762939453,905.0
Pavo cristatus,7.914703,81.000118,1,27.637500762939453,28.950000762939453,25.799999237060547,1707.0,366.0,9.0,72.1646499633789,871.0,152.0,196.0,660.0,8.125,70.65217590332031,132.32408142089844,33.29999923706055,21.799999237060547,11.5,26.61666679382324,28.683334350585938,63.0
Pavo cristatus,8.058445,80.770258,1,26.90416717529297,28.28333282470703,24.899999618530277,1586.0,324.0,9.0,73.7074203491211,834.0,108.0,140.0,562.0,8.575000762939453,69.71544647216797,145.65614318847656,32.70000076293945,20.399999618530277,12.30000114440918,25.733333587646484,28.16666603088379,172.0
Pavo cristatus,11.932612,76.153544,1,22.512500762939453,25.03333282470703,21.049999237060547,1926.0,633.0,3.0,113.93938446044922,1239.0,24.0,251.0,87.0,8.625,55.64515686035156,164.99484252929688,31.0,15.5,15.5,21.58333396911621,22.96666717529297,809.0
Pavo cristatus,31.677024,-99.079504,1,18.075000762939453,27.28333282470703,8.233333587646484,696.0,95.0,32.0,35.6408805847168,237.0,106.0,196.0,111.0,14.449999809265137,40.81921005249024,773.2884521484375,35.0,-0.4000000059604645,35.400001525878906,22.21666717529297,9.233333587646484,469.0
Pavo cristatus,39.133606,-123.160539,1,14.758333206176758,21.76666641235352,8.416666984558105,958.0,206.0,1.0,92.49263763427734,525.0,11.0,20.0,525.0,15.81666660308838,51.688453674316406,551.311767578125,32.599998474121094,2.0,30.599998474121094,8.416666984558105,21.51666641235352,200.0
Pavo cristatus,15.652917,73.720602,1,27.09583282470703,28.783334732055664,25.899999618530277,3086.0,1020.0,0.0,146.17518615722656,2555.0,0.0,93.0,9.0,8.508333206176758,60.34278106689453,125.85092163085938,33.400001525878906,19.299999237060547,14.10000228881836,26.71666717529297,26.350000381469727,20.0
Pavo cristatus,12.320093,77.433449,1,26.058332443237305,28.983333587646484,23.566665649414062,763.0,178.0,3.0,85.79862976074219,373.0,14.0,184.0,87.0,10.399999618530272,57.777774810791016,207.5050201416016,35.79999923706055,17.799999237060547,18.0,25.51666641235352,26.083332061767575,519.0
Pavo cristatus,29.883163,-81.289685,1,20.95416641235352,26.916667938232425,14.18333339691162,1250.0,162.0,60.0,36.01654052734375,466.0,213.0,449.0,245.0,9.791666984558104,40.79861068725586,523.703857421875,32.20000076293945,8.199999809265137,24.0,26.88333320617676,15.516666412353516,9.0
Pavo cristatus,11.932612,76.153544,1,22.512500762939453,25.03333282470703,21.049999237060547,1926.0,633.0,3.0,113.93938446044922,1239.0,24.0,251.0,87.0,8.625,55.64515686035156,164.99484252929688,31.0,15.5,15.5,21.58333396911621,22.96666717529297,809.0
Pavo cristatus,11.932612,76.153544,1,22.512500762939453,25.03333282470703,21.049999237060547,1926.0,633.0,3.0,113.93938446044922,1239.0,24.0,251.0,87.0,8.625,55.64515686035156,164.99484252929688,31.0,15.5,15.5,21.58333396911621,22.96666717529297,809.0
Pavo cristatus,25.71028,-80.155293,1,24.10416603088379,27.78333282470703,20.083332061767575,1462.0,235.0,38.0,57.33335494995117,588.0,141.0,563.0,141.0,5.958333492279053,40.81050109863281,317.89404296875,31.100000381469727,16.5,14.600000381469728,27.61666679382324,20.083332061767575,8.0
Pavo cristatus,18.329212,-64.797112,1,26.520832061767575,27.899999618530277,25.01666641235352,1156.0,141.0,49.0,34.93242263793945,418.0,168.0,341.0,168.0,6.991666793823242,68.54574584960938,121.30838012695312,31.5,21.299999237060547,10.200000762939451,27.233333587646484,25.01666641235352,13.0
Pavo cristatus,7.233735,79.96271,1,27.26666641235352,28.200000762939453,26.31666755676269,2221.0,363.0,53.0,54.69641876220703,853.0,256.0,704.0,499.0,7.283333301544189,65.61561584472656,72.56136322021484,32.70000076293945,21.600000381469727,11.100000381469728,26.91666603088379,26.483333587646484,32.0
Pavo cristatus,37.341492,-121.847183,1,16.304166793823242,21.46666717529297,10.983333587646484,400.0,81.0,1.0,88.8259048461914,206.0,6.0,9.0,203.0,13.774999618530272,54.88047790527344,432.7473449707031,29.600000381469727,4.5,25.100000381469727,11.983333587646484,21.233333587646484,28.0
Pavo cristatus,37.340655,-121.84832,1,16.304166793823242,21.46666717529297,10.983333587646484,400.0,81.0,1.0,88.8259048461914,206.0,6.0,9.0,203.0,13.774999618530272,54.88047790527344,432.7473449707031,29.600000381469727,4.5,25.100000381469727,11.983333587646484,21.233333587646484,28.0
Pavo cristatus,48.412655,-123.364698,1,10.545833587646484,16.850000381469727,4.833333492279053,718.0,122.0,17.0,66.06587982177734,355.0,63.0,63.0,315.0,7.224999904632568,35.41666412353516,498.7413940429688,22.5,2.0999999046325684,20.399999618530277,5.133333206176758,16.850000381469727,25.0
Pavo cristatus,21.376045,-157.70885,1,24.037500381469727,25.83333396911621,22.21666717529297,1034.0,161.0,27.0,53.38970565795898,414.0,117.0,119.0,381.0,7.241666316986084,61.37004852294922,149.5770721435547,29.700000762939453,17.899999618530273,11.80000114440918,22.983333587646484,25.5,41.0
Pavo cristatus,21.376031,-157.708861,1,24.037500381469727,25.83333396911621,22.21666717529297,1034.0,161.0,27.0,53.38970565795898,414.0,117.0,119.0,381.0,7.241666316986084,61.37004852294922,149.5770721435547,29.700000762939453,17.899999618530273,11.80000114440918,22.983333587646484,25.5,41.0
Pavo cristatus,21.375963,-157.708909,1,24.037500381469727,25.83333396911621,22.21666717529297,1034.0,161.0,27.0,53.38970565795898,414.0,117.0,119.0,381.0,7.241666316986084,61.37004852294922,149.5770721435547,29.700000762939453,17.899999618530273,11.80000114440918,22.983333587646484,25.5,41.0
Pavo cristatus,25.637972,-80.301257,1,24.22916603088379,27.81666755676269,20.149999618530277,1466.0,244.0,36.0,60.146820068359375,607.0,136.0,574.0,136.0,7.975000381469727,48.33333206176758,315.7347717285156,31.700000762939453,15.199999809265137,16.5,27.63333320617676,20.149999618530277,10.0
Pavo cristatus,12.509857,77.08344,1,25.183332443237305,28.0,22.950000762939453,705.0,166.0,2.0,90.31491088867188,366.0,11.0,171.0,64.0,10.566667556762695,59.03166198730469,194.3442840576172,34.79999923706055,16.899999618530273,17.899999618530273,24.683332443237305,25.233333587646484,622.0
Pavo cristatus,36.322329,-115.268733,1,18.42916679382324,29.399999618530277,8.183333396911621,116.0,16.0,3.0,35.38043975830078,40.0,16.0,29.0,33.0,15.475000381469728,39.8840217590332,866.5487060546875,39.29999923706055,0.5,38.79999923706055,10.050000190734863,22.25,758.0
Pavo cristatus,34.143757,-118.051706,1,18.462499618530277,24.149999618530277,13.466667175292969,443.0,101.0,1.0,102.14745330810548,284.0,6.0,12.0,251.0,14.541666984558104,54.463172912597656,435.4523620605469,32.5,5.800000190734863,26.700000762939453,14.116666793823242,23.600000381469727,177.0
Pavo cristatus,22.820948,72.057186,1,27.14166641235352,32.25,20.983333587646484,627.0,222.0,1.0,148.1505584716797,515.0,4.0,86.0,5.0,13.066665649414062,44.74885940551758,442.718017578125,40.59999847412109,11.399999618530272,29.19999885559082,28.75,26.71666717529297,10.0
Pavo cristatus,7.025134,79.878821,1,27.54166603088379,28.38333320617676,26.733333587646484,2284.0,369.0,59.0,56.51560592651367,879.0,268.0,732.0,532.0,6.916666507720947,67.15209197998047,65.18621063232422,32.400001525878906,22.100000381469727,10.30000114440918,27.16666603088379,27.36666679382324,4.0
Pavo cristatus,6.466672,80.926103,1,27.137500762939453,27.799999237060547,26.11666679382324,1505.0,290.0,33.0,67.26331329345703,700.0,101.0,190.0,553.0,7.325000286102295,76.30208587646484,72.49217224121094,31.5,21.899999618530277,9.600000381469728,26.46666717529297,27.78333282470703,94.0
Pavo cristatus,36.319958,-115.269338,1,18.42916679382324,29.399999618530277,8.183333396911621,116.0,16.0,3.0,35.38043975830078,40.0,16.0,29.0,33.0,15.475000381469728,39.8840217590332,866.5487060546875,39.29999923706055,0.5,38.79999923706055,10.050000190734863,22.25,758.0
Pavo cristatus,24.831666,55.239481,1,27.65833282470703,34.86666488647461,19.549999237060547,110.0,34.0,1.0,103.57278442382812,70.0,7.0,8.0,56.0,13.666666030883787,46.01571273803711,627.9506225585938,42.09999847412109,12.399999618530272,29.69999885559082,20.41666603088379,32.56666564941406,69.0
Pavo cristatus,17.387454,78.325358,1,26.308332443237305,30.88333320617676,22.13333320617676,801.0,186.0,2.0,111.97765350341795,545.0,10.0,147.0,19.0,11.550000190734863,47.142860412597656,344.8901672363281,39.09999847412109,14.600000381469728,24.499998092651367,25.983333587646484,22.799999237060547,540.0
Pavo cristatus,6.391764,81.467827,1,27.34583282470703,28.36666679382324,26.03333282470703,1016.0,209.0,10.0,76.4136962890625,525.0,40.0,87.0,406.0,6.608333587646484,72.61904907226562,96.56505584716795,31.700000762939453,22.600000381469727,9.100000381469728,26.166667938232425,28.26666641235352,17.0
Pavo cristatus,6.391764,81.467827,1,27.34583282470703,28.36666679382324,26.03333282470703,1016.0,209.0,10.0,76.4136962890625,525.0,40.0,87.0,406.0,6.608333587646484,72.61904907226562,96.56505584716795,31.700000762939453,22.600000381469727,9.100000381469728,26.166667938232425,28.26666641235352,17.0
Pavo cristatus,6.391764,81.467827,1,27.34583282470703,28.36666679382324,26.03333282470703,1016.0,209.0,10.0,76.4136962890625,525.0,40.0,87.0,406.0,6.608333587646484,72.61904907226562,96.56505584716795,31.700000762939453,22.600000381469727,9.100000381469728,26.166667938232425,28.26666641235352,17.0
Pavo cristatus,6.391764,81.467827,1,27.34583282470703,28.36666679382324,26.03333282470703,1016.0,209.0,10.0,76.4136962890625,525.0,40.0,87.0,406.0,6.608333587646484,72.61904907226562,96.56505584716795,31.700000762939453,22.600000381469727,9.100000381469728,26.166667938232425,28.26666641235352,17.0
Pavo cristatus,6.391764,81.467827,1,27.34583282470703,28.36666679382324,26.03333282470703,1016.0,209.0,10.0,76.4136962890625,525.0,40.0,87.0,406.0,6.608333587646484,72.61904907226562,96.56505584716795,31.700000762939453,22.600000381469727,9.100000381469728,26.166667938232425,28.26666641235352,17.0
Pavo cristatus,7.059546,80.798359,1,19.72083282470703,20.81666755676269,18.33333396911621,2168.0,309.0,93.0,43.46522521972656,853.0,291.0,490.0,697.0,8.074999809265137,65.12096405029297,99.57772064208984,25.700000762939453,13.300000190734863,12.40000057220459,19.13333320617676,20.31666755676269,1264.0
Pavo cristatus,16.727985,103.566585,1,26.70833396911621,29.0,23.433334350585938,1275.0,272.0,2.0,90.90713500976562,669.0,17.0,452.0,17.0,10.533332824707031,54.01709365844727,229.4641265869141,35.5,16.0,19.5,27.700000762939453,23.433334350585938,185.0
Pavo cristatus,16.728552,103.567202,1,26.65833282470703,28.933334350585938,23.38333320617676,1280.0,273.0,3.0,90.82098388671876,672.0,18.0,454.0,18.0,10.516666412353516,54.209617614746094,229.56317138671875,35.400001525878906,16.0,19.400001525878903,27.66666603088379,23.38333320617676,194.0
Pavo cristatus,15.478782,73.946661,1,27.287500381469727,29.06666755676269,26.03333282470703,2988.0,989.0,0.0,144.6389923095703,2458.0,0.0,93.0,10.0,8.458333015441895,59.98817443847656,128.82559204101562,33.70000076293945,19.600000381469727,14.100000381469728,26.88333320617676,26.599998474121094,2.0
Pavo cristatus,6.593358,81.464214,1,26.95416641235352,27.950000762939453,25.683334350585938,1244.0,236.0,7.0,74.98556518554688,624.0,47.0,91.0,502.0,6.6583333015441895,73.16851043701172,94.78343963623048,31.299999237060547,22.200000762939453,9.099998474121094,25.799999237060547,27.83333396911621,81.0
Pavo cristatus,40.95044,-4.122931,1,11.487500190734863,20.200000762939453,3.700000047683716,445.0,56.0,19.0,29.801687240600582,138.0,68.0,76.0,118.0,10.408333778381348,36.39277648925781,674.5271606445312,27.799999237060547,-0.800000011920929,28.599998474121094,13.56666660308838,20.049999237060547,960.0
Pavo cristatus,7.724785,80.5514,1,26.25416755676269,27.350000381469727,24.78333282470703,1696.0,283.0,44.0,62.53561401367188,818.0,153.0,349.0,682.0,8.308333396911621,67.00267791748047,107.16299438476562,32.400001525878906,20.0,12.400001525878906,25.33333396911621,26.850000381469727,249.0
Pavo cristatus,29.425191,-98.494592,1,20.79166603088379,28.63333320617676,12.100000381469728,786.0,111.0,41.0,35.57099533081055,273.0,129.0,205.0,132.0,12.199999809265137,40.1315803527832,672.3054809570312,35.099998474121094,4.699999809265137,30.39999771118164,24.38333320617676,13.84999942779541,205.0
Pavo cristatus,14.616269,101.265414,1,24.399999618530277,26.25,21.733333587646484,1108.0,230.0,2.0,77.30412292480469,544.0,27.0,347.0,43.0,10.233333587646484,58.47618865966797,182.7815399169922,32.20000076293945,14.699999809265137,17.5,24.700000762939453,22.13333320617676,637.0
Pavo cristatus,14.61605,101.265349,1,24.399999618530277,26.25,21.733333587646484,1108.0,230.0,2.0,77.30412292480469,544.0,27.0,347.0,43.0,10.233333587646484,58.47618865966797,182.7815399169922,32.20000076293945,14.699999809265137,17.5,24.700000762939453,22.13333320617676,637.0
Pavo cristatus,23.646114,86.755721,1,26.012500762939453,31.433334350585938,19.63333320617676,1189.0,302.0,2.0,114.72240447998048,808.0,25.0,232.0,32.0,10.591666221618652,39.81829452514648,472.7729187011719,38.70000076293945,12.100000381469728,26.600000381469727,28.183332443237305,19.88333320617676,147.0
Pavo cristatus,27.578265,84.569295,1,24.225000381469727,28.933332443237305,16.950000762939453,1921.0,522.0,6.0,122.0609359741211,1346.0,32.0,926.0,38.0,11.800000190734863,45.914398193359375,503.16497802734375,35.099998474121094,9.399999618530272,25.69999885559082,28.66666603088379,17.933334350585938,200.0
Pavo cristatus,27.523856,84.425545,1,23.600000381469727,28.31666755676269,16.28333282470703,1821.0,482.0,6.0,120.16360473632812,1267.0,33.0,886.0,40.0,11.06666660308838,43.91534423828125,508.4334411621094,34.5,9.300000190734863,25.200000762939453,28.03333282470703,17.200000762939453,284.0
Pavo cristatus,27.509607,84.461905,1,23.40833282470703,28.149999618530277,16.08333396911621,1804.0,478.0,6.0,119.0682601928711,1247.0,34.0,872.0,41.0,10.983333587646484,43.75830078125,509.3749694824219,34.29999923706055,9.199999809265137,25.099998474121094,27.88333320617676,17.016666412353516,325.0
Pavo cristatus,6.199086,81.210494,1,27.45416641235352,28.233333587646484,26.58333396911621,935.0,203.0,24.0,66.37887573242188,450.0,80.0,191.0,274.0,6.325000286102295,73.5465087890625,65.3472671508789,31.700000762939453,23.100000381469727,8.600000381469727,26.96666717529297,27.850000381469727,4.0
Pavo cristatus,6.199086,81.210494,1,27.45416641235352,28.233333587646484,26.58333396911621,935.0,203.0,24.0,66.37887573242188,450.0,80.0,191.0,274.0,6.325000286102295,73.5465087890625,65.3472671508789,31.700000762939453,23.100000381469727,8.600000381469727,26.96666717529297,27.850000381469727,4.0
Pavo cristatus,6.198638,81.211341,1,27.45416641235352,28.233333587646484,26.58333396911621,935.0,203.0,24.0,66.37887573242188,450.0,80.0,191.0,274.0,6.325000286102295,73.5465087890625,65.3472671508789,31.700000762939453,23.100000381469727,8.600000381469727,26.96666717529297,27.850000381469727,4.0
Pavo cristatus,27.226125,-80.223542,1,23.3125,27.56666755676269,18.5,1379.0,194.0,57.0,41.924537658691406,507.0,195.0,507.0,195.0,9.44166660308838,48.41880416870117,373.552490234375,32.20000076293945,12.699999809265137,19.5,27.56666755676269,18.5,10.0
Pavo cristatus,8.081231,80.7669,1,26.975000381469727,28.36666679382324,24.96666717529297,1573.0,321.0,9.0,73.76978302001953,829.0,108.0,139.0,555.0,8.583333969116211,69.783203125,146.31068420410156,32.79999923706055,20.5,12.299999237060549,25.76666641235352,28.233333587646484,158.0
Pavo cristatus,-42.857964,147.700241,1,12.033333778381348,15.93333339691162,7.983333587646484,677.0,69.0,44.0,14.824230194091797,191.0,145.0,173.0,179.0,9.283333778381348,51.28913497924805,321.5328063964844,21.600000381469727,3.5,18.100000381469727,14.866666793823242,10.233333587646484,77.0
Pavo cristatus,51.588065,5.712093,1,9.800000190734863,16.78333282470703,3.066666603088379,750.0,72.0,45.0,13.354208946228027,208.0,161.0,190.0,187.0,8.533333778381348,36.78160858154297,562.1913452148438,22.899999618530277,-0.3000000119209289,23.19999885559082,4.116666793823242,5.75,23.0
Pavo cristatus,40.418737,0.370689,1,16.870832443237305,24.13333320617676,10.550000190734863,498.0,75.0,14.0,38.76028060913086,186.0,79.0,110.0,112.0,10.591666221618652,41.21270751953125,559.0188598632812,30.700000762939453,5.0,25.700000762939453,17.850000381469727,23.950000762939453,73.0
Pavo cristatus,39.275075,-9.133667,1,15.920833587646484,20.5,11.633333206176758,659.0,99.0,6.0,60.394344329833984,285.0,33.0,41.0,269.0,7.475000381469727,42.47159194946289,358.1737670898437,25.299999237060547,7.699999809265137,17.599998474121094,12.366666793823242,20.11666679382324,43.0
Pavo cristatus,6.188142,81.22596,1,27.412500381469727,28.21666717529297,26.51666641235352,924.0,201.0,23.0,66.7293930053711,445.0,77.0,187.0,275.0,6.208333492279053,73.03921508789062,67.86097717285156,31.600000381469727,23.100000381469727,8.5,26.88333320617676,27.850000381469727,4.0
Pavo cristatus,-19.3477,146.7308,1,24.129165649414062,27.549999237060547,19.61666679382324,1041.0,282.0,16.0,102.12242126464844,652.0,55.0,636.0,57.0,8.975000381469727,50.13966369628906,325.2094421386719,31.399999618530277,13.5,17.899999618530273,27.316665649414062,20.5,23.0
Pavo cristatus,21.032136,75.568707,1,27.608333587646484,33.366668701171875,22.63333320617676,782.0,224.0,1.0,128.23751831054688,563.0,7.0,150.0,25.0,14.0,47.94520568847656,418.7689514160156,42.400001525878906,13.199999809265137,29.200000762939453,27.566665649414062,28.816665649414062,204.0
Pavo cristatus,21.032136,75.568707,1,27.608333587646484,33.366668701171875,22.63333320617676,782.0,224.0,1.0,128.23751831054688,563.0,7.0,150.0,25.0,14.0,47.94520568847656,418.7689514160156,42.400001525878906,13.199999809265137,29.200000762939453,27.566665649414062,28.816665649414062,204.0
Pavo cristatus,21.032136,75.568707,1,27.608333587646484,33.366668701171875,22.63333320617676,782.0,224.0,1.0,128.23751831054688,563.0,7.0,150.0,25.0,14.0,47.94520568847656,418.7689514160156,42.400001525878906,13.199999809265137,29.200000762939453,27.566665649414062,28.816665649414062,204.0
Pavo cristatus,6.257267,81.318665,1,27.27083396911621,28.100000381469727,26.316665649414062,947.0,205.0,17.0,70.7632064819336,460.0,59.0,180.0,313.0,6.2916669845581055,72.31800079345703,69.94994354248047,31.600000381469727,22.899999618530277,8.700000762939453,26.816665649414062,27.666667938232425,30.0
Pavo cristatus,6.530954,81.461971,1,26.850000381469727,27.850000381469727,25.600000381469727,1197.0,232.0,8.0,74.70065307617188,597.0,46.0,91.0,471.0,6.666666507720947,74.0740737915039,93.80831909179688,31.100000381469727,22.100000381469727,9.0,25.71666717529297,27.75,106.0
Pavo cristatus,6.189013,81.220312,1,27.42916679382324,28.200000762939453,26.56666755676269,934.0,202.0,24.0,66.1122055053711,448.0,80.0,191.0,275.0,6.258333206176758,73.62744903564453,65.2079849243164,31.600000381469727,23.100000381469727,8.5,26.91666603088379,27.850000381469727,7.0
Pavo cristatus,4.856101,-74.134649,1,13.74583339691162,14.216667175292969,13.466667175292969,1104.0,142.0,25.0,38.09383010864258,371.0,160.0,346.0,221.0,10.774999618530272,81.6287841796875,32.08358383178711,20.200000762939453,7.0,13.200000762939451,14.016666412353516,13.950000762939451,2567.0
Pavo cristatus,26.942157,90.447819,1,18.174999237060547,22.399999618530277,12.783333778381348,2292.0,602.0,13.0,102.8438720703125,1449.0,48.0,1313.0,64.0,7.46666669845581,41.02564239501953,395.0115051269531,25.899999618530277,7.699999809265137,18.200000762939453,22.350000381469727,13.75,1453.0
Pavo cristatus,21.424841,-158.061345,1,23.09583282470703,24.983333587646484,21.16666603088379,1407.0,250.0,36.0,54.4497184753418,610.0,150.0,150.0,509.0,8.608333587646484,65.21464538574219,157.2846221923828,29.600000381469727,16.399999618530273,13.200000762939451,22.01666641235352,24.983333587646484,228.0
Pavo cristatus,17.99443,-66.099826,1,25.795833587646484,27.16666603088379,24.19999885559082,1401.0,232.0,47.0,53.132572174072266,591.0,145.0,416.0,145.0,9.05833339691162,73.64498138427734,124.2332763671875,31.600000381469727,19.299999237060547,12.30000114440918,26.91666603088379,24.19999885559082,89.0
Pavo cristatus,12.425258,76.653536,1,24.34583282470703,26.91666603088379,22.483333587646484,695.0,160.0,2.0,87.75273895263672,320.0,16.0,202.0,63.0,9.858333587646484,58.68055725097656,173.1585693359375,33.29999923706055,16.5,16.799999237060547,23.850000381469727,24.433334350585938,688.0
Pavo cristatus,6.452948,80.903899,1,27.05416679382324,27.700000762939453,26.13333320617676,1564.0,295.0,38.0,65.14923858642578,715.0,116.0,377.0,560.0,7.241666793823242,76.22807312011719,65.06843566894531,31.399999618530277,21.899999618530277,9.5,26.450000762939453,27.549999237060547,107.0
Pavo cristatus,26.983161,75.845196,1,24.558332443237305,31.38333320617676,15.966666221618652,661.0,227.0,3.0,150.5267791748047,552.0,15.0,289.0,19.0,13.083333969116213,40.88541793823242,624.3208618164062,39.29999923706055,7.300000190734863,32.0,28.16666603088379,16.96666717529297,513.0
Pavo cristatus,-17.765194,-63.197637,1,24.27916717529297,26.450000762939453,21.03333282470703,1279.0,198.0,46.0,47.09418487548828,528.0,155.0,528.0,199.0,9.94166660308838,61.368309020996094,234.0110626220703,31.600000381469727,15.399999618530272,16.200000762939453,26.450000762939453,22.399999618530277,416.0
Pavo cristatus,28.663708,-81.59459,1,21.662500381469727,27.13333320617676,15.5,1246.0,180.0,54.0,49.607269287109375,533.0,175.0,533.0,199.0,11.108333587646484,46.87060546875,479.29931640625,32.79999923706055,9.100000381469728,23.69999885559082,27.13333320617676,16.66666603088379,17.0
Pavo cristatus,28.594428,77.246305,1,25.09166717529297,32.41666793823242,15.716666221618652,733.0,237.0,5.0,134.8802947998047,576.0,32.0,273.0,40.0,12.59999942779541,39.25233459472656,684.7655029296875,39.79999923706055,7.699999809265137,32.099998474121094,30.03333282470703,16.75,213.0
Pavo cristatus,28.594428,77.246308,1,25.09166717529297,32.41666793823242,15.716666221618652,733.0,237.0,5.0,134.8802947998047,576.0,32.0,273.0,40.0,12.59999942779541,39.25233459472656,684.7655029296875,39.79999923706055,7.699999809265137,32.099998474121094,30.03333282470703,16.75,213.0
Pavo cristatus,-17.123742,145.702775,1,23.662500381469727,26.483333587646484,20.03333282470703,1805.0,510.0,33.0,97.94310760498048,1110.0,117.0,753.0,117.0,7.908333301544189,52.37306594848633,263.4571228027344,30.600000381469727,15.5,15.100000381469728,26.28333282470703,20.03333282470703,81.0
Pavo cristatus,11.944684,75.384938,1,27.34583282470703,29.483333587646484,25.983333587646484,3528.0,1056.0,3.0,124.00556182861328,2566.0,19.0,318.0,1933.0,7.758333206176758,61.089237213134766,140.2021026611328,34.20000076293945,21.5,12.700000762939451,26.03333282470703,27.816665649414062,5.0
Pavo cristatus,11.944684,75.384938,1,27.34583282470703,29.483333587646484,25.983333587646484,3528.0,1056.0,3.0,124.00556182861328,2566.0,19.0,318.0,1933.0,7.758333206176758,61.089237213134766,140.2021026611328,34.20000076293945,21.5,12.700000762939451,26.03333282470703,27.816665649414062,5.0
Pavo cristatus,18.953722,98.759983,1,23.65416717529297,26.36666679382324,19.88333320617676,1082.0,214.0,2.0,83.28744506835938,556.0,22.0,332.0,22.0,11.141667366027832,49.96263122558594,268.4759826660156,33.900001525878906,11.600000381469728,22.30000114440918,24.933332443237305,19.88333320617676,716.0
Pavo cristatus,51.294568,9.48889,1,9.25,17.28333282470703,1.5166666507720947,643.0,74.0,37.0,18.09366798400879,199.0,128.0,191.0,142.0,8.25,32.868526458740234,641.48974609375,23.399999618530277,-1.7000000476837158,25.100000381469727,15.81666660308838,4.9666666984558105,142.0
Pavo cristatus,52.2,6.5,1,9.466666221618652,16.450000762939453,2.7166666984558105,795.0,79.0,46.0,15.814854621887209,222.0,158.0,212.0,196.0,8.016666412353516,35.47197723388672,562.483642578125,22.299999237060547,-0.3000000119209289,22.599998474121094,3.7833333015441895,5.400000095367432,15.0
Pavo cristatus,50.858323,6.806623,1,10.216666221618652,17.53333282470703,3.2166666984558105,694.0,73.0,44.0,15.659436225891112,211.0,147.0,211.0,149.0,7.616666316986084,33.11594009399414,584.478515625,23.0,-0.0,23.0,17.53333282470703,4.0333333015441895,114.0
Pavo cristatus,51.8,3.95,1,10.070833206176758,16.399999618530273,3.733333349227905,765.0,86.0,41.0,24.116456985473636,255.0,143.0,207.0,178.0,5.458333492279053,28.13573837280273,521.7429809570312,20.5,1.100000023841858,19.399999618530277,11.266666412353516,5.983333587646484,0.0
Pavo cristatus,8.318599,80.429988,1,27.462499618530277,28.71666717529297,25.583332061767575,1325.0,251.0,10.0,76.79438018798828,713.0,79.0,259.0,571.0,8.408332824707031,67.80914306640625,133.92884826660156,33.5,21.100000381469727,12.399999618530272,26.233333587646484,28.433332443237305,93.0
Pavo cristatus,51.9,4.3,1,10.112500190734863,16.600000381469727,3.866666555404663,839.0,96.0,45.0,22.93877601623535,273.0,162.0,206.0,198.0,6.824999809265137,32.65550231933594,526.6365356445312,21.700000762939453,0.800000011920929,20.900001525878903,10.966666221618652,9.016666412353516,2.0
Pavo cristatus,28.802979,-17.7597,1,19.8125,22.483333587646484,17.399999618530273,318.0,67.0,0.0,85.34369659423828,173.0,2.0,43.0,132.0,4.608333110809326,45.62705612182617,210.9192657470703,25.200000762939453,15.100000381469728,10.100000381469728,18.81666755676269,21.566665649414062,51.0
Pavo cristatus,28.80283,-17.759808,1,19.8125,22.483333587646484,17.399999618530273,318.0,67.0,0.0,85.34369659423828,173.0,2.0,43.0,132.0,4.608333110809326,45.62705612182617,210.9192657470703,25.200000762939453,15.100000381469728,10.100000381469728,18.81666755676269,21.566665649414062,51.0
Pavo cristatus,51.55,3.55,1,10.420833587646484,16.850000381469727,4.233333587646484,766.0,86.0,43.0,21.80149269104004,248.0,146.0,202.0,182.0,5.424999713897705,27.963916778564453,519.6041259765625,21.0,1.600000023841858,19.399999618530277,11.716666221618652,6.2166666984558105,0.0
Pavo cristatus,53.571561,7.903312,1,8.870833396911621,15.966667175292969,2.066666603088379,819.0,85.0,44.0,18.089881896972656,239.0,156.0,221.0,188.0,7.258333206176758,32.40327453613281,571.399658203125,21.299999237060547,-1.100000023841858,22.399999618530277,9.56666660308838,4.5333333015441895,8.0
Pavo cristatus,27.191402,77.512077,1,25.34166717529297,32.96666717529297,15.766666412353516,671.0,249.0,2.0,149.66017150878906,565.0,18.0,240.0,23.0,13.766666412353516,39.67338943481445,697.0582275390625,41.5,6.800000190734863,34.70000076293945,29.600000381469727,23.483333587646484,179.0
Pavo cristatus,52.0,4.3,1,9.483333587646484,15.883333206176758,3.200000047683716,832.0,96.0,45.0,24.305828094482425,277.0,159.0,199.0,197.0,6.833333492279053,32.53968048095703,525.3757934570312,21.0,0.0,21.0,10.516666412353516,8.333333969116211,-3.0
Pavo cristatus,6.295167,81.432587,1,27.36666679382324,28.26666641235352,26.233333587646484,943.0,201.0,12.0,74.72422790527344,480.0,45.0,91.0,355.0,6.466666221618652,74.3294906616211,84.59349822998047,31.5,22.799999237060547,8.700000762939453,26.299999237060547,28.11666679382324,16.0
Pavo cristatus,28.437302,-13.965469,1,20.13333320617676,23.850000381469727,16.933332443237305,130.0,30.0,0.0,83.72235107421875,70.0,2.0,6.0,69.0,8.433332443237305,52.05760955810547,277.84344482421875,28.899999618530277,12.699999809265137,16.200000762939453,17.850000381469727,23.16666603088379,220.0
Pavo cristatus,28.802895,-17.759715,1,19.8125,22.483333587646484,17.399999618530273,318.0,67.0,0.0,85.34369659423828,173.0,2.0,43.0,132.0,4.608333110809326,45.62705612182617,210.9192657470703,25.200000762939453,15.100000381469728,10.100000381469728,18.81666755676269,21.566665649414062,51.0
Pavo cristatus,8.329586,80.412712,1,27.504165649414062,28.75,25.66666603088379,1314.0,250.0,10.0,76.93372344970703,707.0,78.0,259.0,564.0,8.375,68.08943176269531,132.51858520507812,33.5,21.200000762939453,12.299999237060549,26.299999237060547,28.450000762939453,91.0
Pavo cristatus,8.374153,80.018406,1,27.149999618530277,28.53333282470703,25.299999237060547,1129.0,246.0,16.0,82.6639404296875,624.0,60.0,245.0,275.0,7.46666669845581,62.22222137451172,135.02523803710938,32.79999923706055,20.799999237060547,12.0,26.03333282470703,28.08333396911621,87.0
Pavo cristatus,52.1,4.4,1,9.729166984558104,16.066667556762695,3.650000095367432,848.0,96.0,48.0,23.237201690673828,278.0,161.0,206.0,203.0,6.941667079925537,33.37339782714844,514.1651000976562,21.200000762939453,0.4000000059604645,20.80000114440918,10.68333339691162,8.516666412353516,1.0
Pavo cristatus,8.304421,80.147818,1,27.362499237060547,28.649999618530277,25.450000762939453,1176.0,242.0,17.0,80.18700408935547,632.0,65.0,264.0,274.0,7.991666316986084,64.972900390625,137.29736328125,33.099998474121094,20.799999237060547,12.299999237060549,26.21666717529297,28.333332061767575,76.0
Pavo cristatus,8.304527,80.148193,1,27.362499237060547,28.649999618530277,25.450000762939453,1176.0,242.0,17.0,80.18700408935547,632.0,65.0,264.0,274.0,7.991666316986084,64.972900390625,137.29736328125,33.099998474121094,20.799999237060547,12.299999237060549,26.21666717529297,28.333332061767575,76.0
Pavo cristatus,8.333247,80.130293,1,27.19583320617676,28.51666641235352,25.299999237060547,1179.0,244.0,17.0,79.98401641845703,635.0,66.0,262.0,480.0,7.808333396911621,64.00272369384766,136.68907165527344,32.900001525878906,20.700000762939453,12.200000762939451,26.03333282470703,28.166667938232425,91.0
Pavo cristatus,8.363658,80.086366,1,27.149999618530277,28.51666641235352,25.233333587646484,1162.0,246.0,16.0,81.09269714355469,634.0,64.0,253.0,281.0,7.683333396911621,63.49863052368164,138.39993286132812,32.79999923706055,20.700000762939453,12.099998474121094,26.0,28.13333320617676,93.0
Pavo cristatus,8.37233,80.072099,1,27.15416717529297,28.53333282470703,25.26666641235352,1150.0,246.0,16.0,81.62902069091797,631.0,62.0,249.0,280.0,7.608333587646484,63.40278244018555,137.269775390625,32.79999923706055,20.799999237060547,12.0,26.0,28.13333320617676,89.0
Pavo cristatus,8.422372,80.005991,1,27.27083396911621,28.683334350585938,25.38333320617676,1105.0,248.0,13.0,84.74889373779297,624.0,54.0,229.0,281.0,7.358333587646484,61.8347282409668,137.41873168945312,32.900001525878906,21.0,11.900001525878906,26.13333320617676,28.233333587646484,73.0
Pavo cristatus,8.418351,80.008316,1,27.27083396911621,28.683334350585938,25.38333320617676,1105.0,248.0,13.0,84.74889373779297,624.0,54.0,229.0,281.0,7.358333587646484,61.8347282409668,137.41873168945312,32.900001525878906,21.0,11.900001525878906,26.13333320617676,28.233333587646484,73.0
Pavo cristatus,8.333283,80.130326,1,27.19583320617676,28.51666641235352,25.299999237060547,1179.0,244.0,17.0,79.98401641845703,635.0,66.0,262.0,480.0,7.808333396911621,64.00272369384766,136.68907165527344,32.900001525878906,20.700000762939453,12.200000762939451,26.03333282470703,28.166667938232425,91.0
Pavo cristatus,8.296749,80.420628,1,27.40833282470703,28.683332443237305,25.53333282470703,1324.0,250.0,10.0,76.61373901367188,710.0,78.0,261.0,566.0,8.483333587646484,67.86666870117188,135.19065856933594,33.5,21.0,12.5,26.21666717529297,28.36666679382324,102.0
Pavo cristatus,8.320555,80.418959,1,27.45833396911621,28.71666717529297,25.583332061767575,1320.0,250.0,10.0,76.80123138427734,710.0,79.0,259.0,567.0,8.399999618530273,67.74193572998047,133.63510131835938,33.5,21.100000381469727,12.399999618530272,26.233333587646484,28.41666603088379,95.0
Pavo cristatus,7.940082,80.72749,1,26.90416717529297,28.149999618530277,25.066665649414062,1619.0,318.0,11.0,72.22061157226562,836.0,102.0,257.0,568.0,8.625,70.12195587158203,132.58717346191406,32.79999923706055,20.5,12.299999237060549,25.816665649414062,27.950000762939453,190.0
Pavo cristatus,7.895211,80.713425,1,26.862499237060547,28.08333396911621,25.100000381469727,1627.0,313.0,13.0,71.5602798461914,835.0,102.0,265.0,565.0,8.441666603088379,69.76583862304688,126.4753875732422,32.70000076293945,20.600000381469727,12.100000381469728,25.83333396911621,27.799999237060547,192.0
Pavo cristatus,7.951533,80.753714,1,26.774999618530277,28.049999237060547,24.91666603088379,1639.0,328.0,11.0,72.49827575683594,847.0,106.0,252.0,586.0,8.566665649414062,70.21858215332031,134.79782104492188,32.599998474121094,20.399999618530277,12.19999885559082,25.683332443237305,27.86666679382324,204.0
Pavo cristatus,7.967025,80.761524,1,26.725000381469727,27.983333587646484,24.83333396911621,1644.0,332.0,11.0,72.6867446899414,851.0,108.0,250.0,591.0,8.549999237060547,70.08196258544922,135.82241821289062,32.5,20.299999237060547,12.200000762939451,25.649999618530277,27.850000381469727,208.0
Pavo cristatus,7.966117,80.757902,1,26.816665649414062,28.08333396911621,24.933334350585938,1633.0,327.0,11.0,72.53497314453125,845.0,106.0,251.0,582.0,8.566665649414062,70.21858215332031,136.72024536132812,32.599998474121094,20.399999618530277,12.19999885559082,25.700000762939453,27.950000762939453,198.0
Pavo cristatus,7.940448,80.729246,1,26.90416717529297,28.149999618530277,25.066665649414062,1619.0,318.0,11.0,72.22061157226562,836.0,102.0,257.0,568.0,8.625,70.12195587158203,132.58717346191406,32.79999923706055,20.5,12.299999237060549,25.816665649414062,27.950000762939453,190.0
Pavo cristatus,52.7,5.15,1,9.43333339691162,15.916666984558104,3.0833332538604736,775.0,85.0,40.0,22.081375122070312,247.0,147.0,191.0,188.0,6.900000095367432,33.01435470581055,530.4815063476562,21.0,0.1000000014901161,20.899999618530277,10.416666984558104,5.266666412353516,-3.0
Pavo cristatus,7.241528,81.5695,1,27.441665649414062,28.71666717529297,25.69999885559082,1866.0,380.0,28.0,73.42937469482422,973.0,147.0,147.0,885.0,7.300000190734863,70.87379455566406,126.34429931640624,32.599998474121094,22.299999237060547,10.299999237060549,25.86666679382324,28.71666717529297,47.0
Pavo cristatus,7.241444,81.568069,1,27.441665649414062,28.71666717529297,25.69999885559082,1866.0,380.0,28.0,73.42937469482422,973.0,147.0,147.0,885.0,7.300000190734863,70.87379455566406,126.34429931640624,32.599998474121094,22.299999237060547,10.299999237060549,25.86666679382324,28.71666717529297,47.0
Pavo cristatus,7.218955,81.561958,1,27.41666603088379,28.66666603088379,25.683332443237305,1859.0,377.0,27.0,73.14280700683594,967.0,147.0,147.0,878.0,7.283333301544189,71.40522003173828,125.68600463867188,32.5,22.299999237060547,10.200000762939451,25.850000381469727,28.66666603088379,49.0
Pavo cristatus,7.241481,81.568153,1,27.441665649414062,28.71666717529297,25.69999885559082,1866.0,380.0,28.0,73.42937469482422,973.0,147.0,147.0,885.0,7.300000190734863,70.87379455566406,126.34429931640624,32.599998474121094,22.299999237060547,10.299999237060549,25.86666679382324,28.71666717529297,47.0
Pavo cristatus,7.241454,81.568092,1,27.441665649414062,28.71666717529297,25.69999885559082,1866.0,380.0,28.0,73.42937469482422,973.0,147.0,147.0,885.0,7.300000190734863,70.87379455566406,126.34429931640624,32.599998474121094,22.299999237060547,10.299999237060549,25.86666679382324,28.71666717529297,47.0
Pavo cristatus,7.24136,81.568031,1,27.441665649414062,28.71666717529297,25.69999885559082,1866.0,380.0,28.0,73.42937469482422,973.0,147.0,147.0,885.0,7.300000190734863,70.87379455566406,126.34429931640624,32.599998474121094,22.299999237060547,10.299999237060549,25.86666679382324,28.71666717529297,47.0
Pavo cristatus,7.241547,81.568428,1,27.441665649414062,28.71666717529297,25.69999885559082,1866.0,380.0,28.0,73.42937469482422,973.0,147.0,147.0,885.0,7.300000190734863,70.87379455566406,126.34429931640624,32.599998474121094,22.299999237060547,10.299999237060549,25.86666679382324,28.71666717529297,47.0
Pavo cristatus,55.6104,11.4472,1,8.304166793823242,16.516666412353516,0.5666666626930237,615.0,64.0,31.0,21.15715980529785,187.0,107.0,178.0,134.0,5.058333396911621,22.99242401123047,655.4299926757812,20.5,-1.5,22.0,15.90000057220459,3.0,58.0
Pavo cristatus,55.30511,11.8339,1,8.587499618530273,16.866666793823242,0.9666666388511658,598.0,63.0,31.0,19.61541748046875,178.0,109.0,172.0,135.0,4.474999904632568,20.717592239379883,652.6593627929688,20.399999618530277,-1.2000000476837158,21.600000381469727,16.149999618530273,3.1666665077209477,29.0
